1,“Ah, omong kosong”, setelah selesai membaca judul di atas. ,http://auliachair.tumblr.com/tagged/us
2,“cepat kaya”, asal saja mereka mau bekerja di firma hukum papan atas yang sedang makmur, seperti impian sebagian kelas menengah yang memanjakan anak-anaknya.,http://auliachair.tumblr.com/tagged/us
3,“tukang pukul” yang siap mendorong mereka ke laut menjadi mangsa ikan-ikan ganas.,http://auliachair.tumblr.com/tagged/us
4,“Kejarlah meaning. Jangan kejar karier demi uang. Sebab, kalau kalian kejar uang, kalian tidak dapat ‘meaning’, dan akhirnya tak dapat uang juga. Kalau kalian kejar ‘meaning’, maka kalian akan mendapatkan position, dan tentu saja uang.”,http://auliachair.tumblr.com/tagged/us
5,“Tidak saya duga, apa yang saya lakukan 20 tahun lalu itulah yang diperhatikan pemegang saham,” ujar mereka.,http://auliachair.tumblr.com/tagged/us
6,“Uang itu memang tak punya mata, tetapi mempunyai penciuman. Ia tak bisa dikejar, tetapi datang tiada henti kepada mereka yang meaning-nya kuat.”,http://auliachair.tumblr.com/tagged/us
7,“Gw sedih, baru aja gw habis kecopetan. Semua kartu pentingnya hilang. Di angkot men.”,http://auliachair.tumblr.com/tagged/me
8,“Ah, gue juga pernah tuh. Malingnya….”,http://auliachair.tumblr.com/tagged/me
9,“curhat”.,http://auliachair.tumblr.com/tagged/me
10,“Ah, omong kosong”, setelah selesai membaca judul di atas. ,http://auliachair.tumblr.com/tagged/life
11,“cepat kaya”, asal saja mereka mau bekerja di firma hukum papan atas yang sedang makmur, seperti impian sebagian kelas menengah yang memanjakan anak-anaknya.,http://auliachair.tumblr.com/tagged/life
12,“tukang pukul” yang siap mendorong mereka ke laut menjadi mangsa ikan-ikan ganas.,http://auliachair.tumblr.com/tagged/life
13,“Kejarlah meaning. Jangan kejar karier demi uang. Sebab, kalau kalian kejar uang, kalian tidak dapat ‘meaning’, dan akhirnya tak dapat uang juga. Kalau kalian kejar ‘meaning’, maka kalian akan mendapatkan position, dan tentu saja uang.”,http://auliachair.tumblr.com/tagged/life
14,“Tidak saya duga, apa yang saya lakukan 20 tahun lalu itulah yang diperhatikan pemegang saham,” ujar mereka.,http://auliachair.tumblr.com/tagged/life
15,“Uang itu memang tak punya mata, tetapi mempunyai penciuman. Ia tak bisa dikejar, tetapi datang tiada henti kepada mereka yang meaning-nya kuat.”,http://auliachair.tumblr.com/tagged/life
16,“Aku” dalam bahasa Banjar) ngga kak? Kita pernah ketemu sekali di kapal saat menyebrang sungai, beberapa tahun yang lalu. Saya masih ingat, Kakak bilang,’Kamu harus semangat belajar, rajin sekolah. Sekolah tinggi, sekolah ke Jawa.’ Kakak, kasih tahu caranya dong bagaimana supaya saya bisa sekolah tinggi. Terima kasih ya Kak, saat itu sudah memberi saya semangat.” ,http://auliachair.tumblr.com/tagged/notes
17,“rumah” mereka pas hujan deras, Bapak dan anak itu masuk ke dalam gerobak. Gue ngga bisa nyediain tempat tinggal.“,http://auliachair.tumblr.com/tagged/notes
18,“Aku bisa memperbaiki semua kesalahanmu yang membiarkan mereka yang sepatutnya bahagia kemarin, bahagia di hari ini.”,http://auliachair.tumblr.com/post/134404743357/di-penghujung
19,“Belum”,http://auliachair.tumblr.com/post/134404743357/di-penghujung
20,“waktu SD itu, yunus rangking 1 terus. cita-citanya jadi ilmuwan. senengannya baca buku. apa saja dibaca.”,http://auliachair.tumblr.com/archive
21,“jadi astronot ya Bu?”,http://auliachair.tumblr.com/archive
22,“terus yunus ditawari PMDK ke UI. yunus pilih fasilkom. beberapa hari kemudian, yunus daftar kedokteran UGM. dia memang ingin jadi dokter. ternyata, dua-duanya keterima.”,http://auliachair.tumblr.com/archive
23,“oh ya Bu? saya nggak tau mas yunus pernah keterima kedokteran UGM.”,http://auliachair.tumblr.com/archive
24,“iya. tapi yunus pilih UI karena masuknya jalur PMDK. katanya, kalau nggak diambil, kasihan adik-adik kelasnya. bisa jadi sekolahnya di-blacklist untuk PMDK. padahal di UGM bisa lebih murah kuliahnya. jurusannya lebih sesuai dengan cita-citanya. tapi begitu, yunus selalu mikirin orang lain.”,http://auliachair.tumblr.com/archive
25,“di fasilkom nilainya bagus-bagus padahal ya Bu? IP-nya hampir selalu 3,9. malah yunus juga belajar di UT (universitas terbuka). sudah lulus itu, yunus itu juga sarjana manajemen mbak,” kata Bapak lagi.,http://auliachair.tumblr.com/archive
26,“Ibu nggak marah Bu waktu mas yunus mau pindah kedokteran? kalau saya minta gitu ke ibu saya, pasti saya dimarahin. sudah 2 tahun kuliah…”,http://auliachair.tumblr.com/archive
27,“enggak. Ibu percaya sama yunus. dari kecil, pilihan hidup yunus selalu memikirkan orang lain, apalagi orang tuanya. Ibu cuma mikir akan punya uang atau enggak. akhirnya Ibu beri yunus syarat. syaratnya harus kedokteran UI. kalau nggak UI, Ibu nggak ngebolehin.”,http://auliachair.tumblr.com/archive
28,“terus diterima. kalau mas yunus nggak di kedokteran, mungkin saya nggak ketemu mas yunus,” kata saya hati-hati. takut salah.,http://auliachair.tumblr.com/archive
29,“nggak juga mbak. kalau sudah jodoh, bagaimanapun caranya pasti ketemu kok,” Ibu tertawa dengan senyum yang sama seperti yang mas yunus punya.,http://auliachair.tumblr.com/archive
30,“iya juga Bu.”,http://auliachair.tumblr.com/archive
31,“iya Bu. walaupun kuliahnya nggak di luar negeri, saya sepakat, lebih baik spesialis langsung. biar susah-susahnya duluan. dan ternyata spesialis di Unair juga langsung s2. alhamdulillah ya Bu.”,http://auliachair.tumblr.com/archive
32,“iya. kata yunus pasti nanti ada kesempatan yunus sekolah atau kursus atau yang lain di luar negeri. katanya, mau perginya sama kamu. atau malah, nganterin kamu sekolah.”,http://auliachair.tumblr.com/archive
33,“kamu tenang saja. walaupun yunus sekarang sibuk sekali, pasti yunus mikirin kamu. pasti punya rencana-rencana untukmu. dia hanya sering nggak bilang. disimpan sendiri sampai kejadian.”,http://auliachair.tumblr.com/archive
34,“hahaha,” Ibu tertawa, “yang pertama, jodoh itu Allah yang menentukan mbak. kalau memang jodohnya yunus kamu, kamu mau gimana? yang kedua, yunus sayang sekali sama kamu. sekarang itu yunus sulit sekali komunikasinya dengan Ibu karena nggak punya waktu. tapi masih bisa komunikasi sama kamu kan?”,http://auliachair.tumblr.com/archive
35,“yunus pasti jagain kamu. jagain kamu ada dalam rencana yunus, dan usahanya.”,http://auliachair.tumblr.com/archive
36,“mas yunus nggak salah kok milih uti. mas yunus akan selalu bahagia bersama uti. janji.”,http://auliachair.tumblr.com/archive
37,“…pastikan bahwa laki-laki yang nantinya mengajakmu hidup bersama adalah laki-laki yang bisa diajak berdiskusi, bukan menang sendiri…”,http://auliachair.tumblr.com/tagged/future
38,“Marhaban ya, Ramadhan!”,http://auliachair.tumblr.com/tagged/break
39,“Gw sedih, baru aja gw habis kecopetan. Semua kartu pentingnya hilang. Di angkot men.”,http://auliachair.tumblr.com/tagged/learned
40,“Ah, gue juga pernah tuh. Malingnya….”,http://auliachair.tumblr.com/tagged/learned
41,“curhat”.,http://auliachair.tumblr.com/tagged/learned
42,“Aku bisa memperbaiki semua kesalahanmu yang membiarkan mereka yang sepatutnya bahagia kemarin, bahagia di hari ini.”,http://auliachair.tumblr.com/tagged/poet
43,“Belum”,http://auliachair.tumblr.com/tagged/poet
44,“Aku” dalam bahasa Banjar) ngga kak? Kita pernah ketemu sekali di kapal saat menyebrang sungai, beberapa tahun yang lalu. Saya masih ingat, Kakak bilang,’Kamu harus semangat belajar, rajin sekolah. Sekolah tinggi, sekolah ke Jawa.’ Kakak, kasih tahu caranya dong bagaimana supaya saya bisa sekolah tinggi. Terima kasih ya Kak, saat itu sudah memberi saya semangat.” ,http://auliachair.tumblr.com/tagged/life/page/2
45,“rumah” mereka pas hujan deras, Bapak dan anak itu masuk ke dalam gerobak. Gue ngga bisa nyediain tempat tinggal.“,http://auliachair.tumblr.com/tagged/life/page/2
46,“Aku” dalam bahasa Banjar) ngga kak? Kita pernah ketemu sekali di kapal saat menyebrang sungai, beberapa tahun yang lalu. Saya masih ingat, Kakak bilang,’Kamu harus semangat belajar, rajin sekolah. Sekolah tinggi, sekolah ke Jawa.’ Kakak, kasih tahu caranya dong bagaimana supaya saya bisa sekolah tinggi. Terima kasih ya Kak, saat itu sudah memberi saya semangat.” ,http://auliachair.tumblr.com/post/136452530862/hal-kecil
47,“rumah” mereka pas hujan deras, Bapak dan anak itu masuk ke dalam gerobak. Gue ngga bisa nyediain tempat tinggal.“,http://auliachair.tumblr.com/post/136452530862/hal-kecil
48,“Eliana” (via historyoftherain ),http://auliachair.tumblr.com/tagged/me/page/2
49,“first chance, no brave.. second chance, still no brave. I’m out! *light'sout*”—,http://auliachair.tumblr.com/archive/2012/5
50,“‘kami’ sedikit istirahat bukan hanya berarti kami terlalu ambisius dalam mengejar apa yang kami 'perjuangkan’, tapi bisa jadi karena satu (atau banyak) orang yang lain 'mengambil’ jatah istirahat 'kami’.”—Agust, 25 15,http://auliachair.tumblr.com/archive/2015/8
51,“Team Building itu bukan hanya sebuah ritual yang dilaksanakan sebagai formalitas belaka ketika kita tergabung dalam sebuah tim (besar), bagi saya (atau beberapa orang lain yang sependapat) ini adalah sebuah moment, di mana saya bisa mengenal lebih dekat orang-orang dalam tim, yang bisa jadi akan sedikit banyak mempengaruhi hidup saya ke depannya.”—Agust, 25 15,http://auliachair.tumblr.com/archive/2015/8
52,“Aku bisa memperbaiki semua kesalahanmu yang membiarkan mereka yang sepatutnya bahagia kemarin, bahagia di hari ini.”,http://auliachair.tumblr.com/tagged/puisi
53,“Belum”,http://auliachair.tumblr.com/tagged/puisi
54,“Ah, omong kosong”, setelah selesai membaca judul di atas. ,http://auliachair.tumblr.com/page/2
55,“cepat kaya”, asal saja mereka mau bekerja di firma hukum papan atas yang sedang makmur, seperti impian sebagian kelas menengah yang memanjakan anak-anaknya.,http://auliachair.tumblr.com/page/2
56,“tukang pukul” yang siap mendorong mereka ke laut menjadi mangsa ikan-ikan ganas.,http://auliachair.tumblr.com/page/2
57,“Kejarlah meaning. Jangan kejar karier demi uang. Sebab, kalau kalian kejar uang, kalian tidak dapat ‘meaning’, dan akhirnya tak dapat uang juga. Kalau kalian kejar ‘meaning’, maka kalian akan mendapatkan position, dan tentu saja uang.”,http://auliachair.tumblr.com/page/2
58,“Tidak saya duga, apa yang saya lakukan 20 tahun lalu itulah yang diperhatikan pemegang saham,” ujar mereka.,http://auliachair.tumblr.com/page/2
59,“Uang itu memang tak punya mata, tetapi mempunyai penciuman. Ia tak bisa dikejar, tetapi datang tiada henti kepada mereka yang meaning-nya kuat.”,http://auliachair.tumblr.com/page/2
60,“a friend is a gift you give yourself”—,http://auliachair.tumblr.com/archive/2012/10
61,"Demi Allah, kau adalah yang terbaik dari dua laki-laki. Aku yakin, doa nabi akan terkabul dengan memilihmu.") Bawa aku menemui Rasulullah dan para sahabatnya!,http://auliachair.tumblr.com/archive/2015/7
62,“Ah, omong kosong”, setelah selesai membaca judul di atas. ,http://auliachair.tumblr.com/tagged/meaning
63,“cepat kaya”, asal saja mereka mau bekerja di firma hukum papan atas yang sedang makmur, seperti impian sebagian kelas menengah yang memanjakan anak-anaknya.,http://auliachair.tumblr.com/tagged/meaning
64,“tukang pukul” yang siap mendorong mereka ke laut menjadi mangsa ikan-ikan ganas.,http://auliachair.tumblr.com/tagged/meaning
65,“Kejarlah meaning. Jangan kejar karier demi uang. Sebab, kalau kalian kejar uang, kalian tidak dapat ‘meaning’, dan akhirnya tak dapat uang juga. Kalau kalian kejar ‘meaning’, maka kalian akan mendapatkan position, dan tentu saja uang.”,http://auliachair.tumblr.com/tagged/meaning
66,“Tidak saya duga, apa yang saya lakukan 20 tahun lalu itulah yang diperhatikan pemegang saham,” ujar mereka.,http://auliachair.tumblr.com/tagged/meaning
67,“Uang itu memang tak punya mata, tetapi mempunyai penciuman. Ia tak bisa dikejar, tetapi datang tiada henti kepada mereka yang meaning-nya kuat.”,http://auliachair.tumblr.com/tagged/meaning
68,“I have to go.”,http://auliachair.tumblr.com/archive/2012/4
69,“I have to go.”,http://auliachair.tumblr.com/archive/2012/4
70,“Aku” dalam bahasa Banjar) ngga kak? Kita pernah ketemu sekali di kapal saat menyebrang sungai, beberapa tahun yang lalu. Saya masih ingat, Kakak bilang,’Kamu harus semangat belajar, rajin sekolah. Sekolah tinggi, sekolah ke Jawa.’ Kakak, kasih tahu caranya dong bagaimana supaya saya bisa sekolah tinggi. Terima kasih ya Kak, saat itu sudah memberi saya semangat.” ,http://auliachair.tumblr.com/page/3
71,“rumah” mereka pas hujan deras, Bapak dan anak itu masuk ke dalam gerobak. Gue ngga bisa nyediain tempat tinggal.“,http://auliachair.tumblr.com/page/3
72,“Marhaban ya, Ramadhan!”,http://auliachair.tumblr.com/tagged/ramadhan
73,“Gadis Pantai” diucapkan “Berbau-bau PKI” dan seperti kebanyakan orang yang hidup di masa Orde Baru PKI adalah “Hantu yang tak terdefinisi, menakutkan tapi tak jelas rupanya”.,http://auliachair.tumblr.com/tagged/sastra
74,“Pramoedya dan PKI”. Yang paling saya suka dalam setiap hal adalah ‘orang-orang yang tersingkirkan, mereka yang kalah atau tim sepakbola yang underdog lalu mencuat menjadi pemenang’ saya senang dengan mereka yang berani melawan dari ketersingkiran. PKI dimata saya saat itu bukanlah representatif dari sebuah ideologi yang tak saya mengerti, tapi satu hal ekspresi di ruang pikiran saya PKI adalah keberanian, PKI adalah pemberontakan, PKI adalah koreksi terhadap hal-hal mapan dan dari semua itu ‘PKI adalah ketersingkiran’.,http://auliachair.tumblr.com/tagged/sastra
75,“Seorang anak adalah gambaran dari sebuah bangsa yang tumbuh, dan sebuah bangsa adalah cerita di kepala kanak-kanak” Pram adalah keterwakilan dari luka sejarah masa lampau bangsa Jawa, juga keterwakilan dari keinginan sebuah bangsa yang ingin tumbuh dan muncul di dunia, sebuah KeIndonesiaan, yang dibangun dengan seribu kegagapan, luka, kesepian, air mata, darah dan kegilaan-kegilaannya. Pram lahir dari keluarga semi bangsawan di sebuah wilayah yang ‘kalah’, sebuah wilayah yang disingkirkan dan diingat dengan sejarah dendam yang sinis, ‘Blora’. Wilayah Blora adalah wilayah inti Jipang Panolan, tempat berkuasanya Pangeran Ario Penangsang, yang sepanjang sejarahnya adalah penuntut tahta Demak, dan mendendam pada Joko Tingkir atau Sultan Hadiwijoyo, kematian Aryo Penangsang adalah titik nol kilometer dari dibangunnya Kerajaan Mataram, sebuah kerajaan yang sampai sekarang peradabannya sangat berpengaruh pada ruang keIndonesiaan kita. Pendirian Mataram disertai dengan ketersingkiran dan hinaan wilayah Jipang, orang-orang Jipang dianggap sebagai keturunan Pembangkang. Cerita tentang Blora adalah sejarah penceritaan sinisme Mataraman.,http://auliachair.tumblr.com/tagged/sastra
76,“sebuah bangsa yang akan lahir”.,http://auliachair.tumblr.com/tagged/sastra
77,“Bukan Pasar Malam”.,http://auliachair.tumblr.com/tagged/sastra
78,“Seluruh hidupku adalah sejarah Perampasan” ucap Pram suatu ketika setelah lepas dari Pulau Buru tahun 1978.,http://auliachair.tumblr.com/tagged/sastra
79,“Nyanyi Sunyi Seorang Bisu”. Pram menulis pada anaknya “Et, Kalau orang tidak pernah atau tidak mau ceritai kau tentang Revolusi Indonesia, biar aku yang mendongeng untukmu. Siapa tahu cerita itu bisa jadi imbangan bagi kondisi kesehatanmu yang kurang menguntungkan. Siapa tahu, ya siapa tahu! Tak sekurang-kurangnya orang yang mendapat kekuatan dari sebuah cerita.” Pram menceritakan tentang Indonesia di masa lalu, sebagai kekuatan pencerita.,http://auliachair.tumblr.com/tagged/sastra
80,“Saya ditangkap karena saya tak tau apa-apa” kata Pram menerawang kenangannya tentang masa paling gelap hidupnya. Ia dibawa tentara dengan dalih ‘mengamankan’ dia dibawa ke Penjara sebagai ‘tahanan kota’ ia dipukuli berkali-kali, telinganya dipopor sampai separuh tuli. Pram selalu berteriak bila berbicara karena telinganya agak kurang mendengar, secara kemanusiaan ia disakiti.,http://auliachair.tumblr.com/tagged/sastra
81,“Pak Pram mau apa” kata Jenderal Mitro. “Saya mau mesin ketik” Lalu Sumitro mengangguk dan meminta anak buahnya mengirim mesin ketik serta ber rim-rim kertas. – kelak Kiriman ini tak pernah sampai.,http://auliachair.tumblr.com/tagged/sastra
82,“Nyanyi Sunyi Seorang Bisu” sebuah soliloquy atas kesaksian anak manusia tentang kekejaman bangsanya. Dari kisah nyanyi sunyi seorang bisu membangkitkan perlawanan anak muda melawan Orde Baru, sebuah Orde yang pendiriannya berlawanan dengan hakikat Proklamasi 1945 : Sebuah teriakan Pembebasan dilawan dengan sepatu lars Penindasan.,http://auliachair.tumblr.com/tagged/sastra
83,“Saya diajarkan oleh orang tua saya untuk bersikap jujur”.,http://auliachair.tumblr.com/tagged/sastra
84,“Wah, kalau Suharto saja sudah melarang, jangan kamu Pram, saya sendiri bisa ditembaknya”. Pram menatap Adam Malik getir, dalam hati ia berkata “Saya harus bertahan terhadap jaman yang tak benar ini”. Ia berjalan tanpa uang di tengah deru debu kota Jakarta, dalam usia tua-nya ia terus menerus bergelut melawan kerasnya hidup, tekanan dan tuduhan. Tapi ia tetap produktif, ia terus menulis : ‘baginya menulis adalah persoalan menyambung nyawa’.,http://auliachair.tumblr.com/tagged/sastra
85,“Dalam perdebatan-perdebatan sastra disaat itu, mereka tidak lecet sedikitpun, dan mereka bertanggung jawab terhadap pendirian Orde Baru yang militeristis lalu mereka menikmati di jaman itu”.,http://auliachair.tumblr.com/tagged/sastra
86,“Rumah ini adalah bukti saya bisa melawan Orde Baru dengan kemenangan saya, saya berhasil menjadi manusia ketika saya dibunuh berkali-kali”.,http://auliachair.tumblr.com/tagged/sastra
87,“Bahwa ketersingkiran dalam hidup harus dilawan dan dimenangkan”,http://auliachair.tumblr.com/tagged/sastra
88,“Ah, omong kosong”, setelah selesai membaca judul di atas. ,http://auliachair.tumblr.com/archive/2016/2
89,“cepat kaya”, asal saja mereka mau bekerja di firma hukum papan atas yang sedang makmur, seperti impian sebagian kelas menengah yang memanjakan anak-anaknya.,http://auliachair.tumblr.com/archive/2016/2
90,“tukang pukul” yang siap mendorong mereka ke laut menjadi mangsa ikan-ikan ganas.,http://auliachair.tumblr.com/archive/2016/2
91,“Kejarlah meaning. Jangan kejar karier demi uang. Sebab, kalau kalian kejar uang, kalian tidak dapat ‘meaning’, dan akhirnya tak dapat uang juga. Kalau kalian kejar ‘meaning’, maka kalian akan mendapatkan position, dan tentu saja uang.”,http://auliachair.tumblr.com/archive/2016/2
92,“Tidak saya duga, apa yang saya lakukan 20 tahun lalu itulah yang diperhatikan pemegang saham,” ujar mereka.,http://auliachair.tumblr.com/archive/2016/2
93,“Uang itu memang tak punya mata, tetapi mempunyai penciuman. Ia tak bisa dikejar, tetapi datang tiada henti kepada mereka yang meaning-nya kuat.”,http://auliachair.tumblr.com/archive/2016/2
94,“Gw sedih, baru aja gw habis kecopetan. Semua kartu pentingnya hilang. Di angkot men.”,http://auliachair.tumblr.com/tagged/lesson
95,“Ah, gue juga pernah tuh. Malingnya….”,http://auliachair.tumblr.com/tagged/lesson
96,“curhat”.,http://auliachair.tumblr.com/tagged/lesson
97,“Marhaban ya, Ramadhan!”,http://auliachair.tumblr.com/tagged/teaser
98,“jangan pernah malu untuk menitihkan air mata di hadapan Sang Maha Kuat, karena sesungguhnya kita memang hanyalah sesuatu yang maha lemah.”—,http://auliachair.tumblr.com/archive/2012/9
99,“air”, maka Huda.id akan menunjukkan kata “langit”, “rezeki”, “buah-buahan”, “bersih”, dan kata lain yang berkaitan dengan “air” dalam Al-Quran. Kita juga bisa melihat statistik berapa kali kata-kata tersebut bersinggungan dengan kata kunci yang kita masukkan. Informasi yang didapatkan dari Huda.id ini bisa menjadi bahan untuk kita pelajari lebih lanjut.,http://auliachair.tumblr.com/tagged/tech
100,“akh”. Padahal lagi-lagi, katanya politik cuma sarana. Kenyataannya, menjadikan politik sebagai panglima. Berkahnya dimana itu politik? By to semua al-akh aktivis dakwah (via herricahyadi ),http://auliachair.tumblr.com/tagged/adk
101,“Gw sedih, baru aja gw habis kecopetan. Semua kartu pentingnya hilang. Di angkot men.”,http://auliachair.tumblr.com/tagged/syukur
102,“Ah, gue juga pernah tuh. Malingnya….”,http://auliachair.tumblr.com/tagged/syukur
103,“curhat”.,http://auliachair.tumblr.com/tagged/syukur
104,“When people talk to each other, they never say what they mean. They say something else and you’re expected to just know what they mean.”—,http://auliachair.tumblr.com/archive/2015/1
105,“Think about this practice…if your boss walks into your classroom, do you get out of your desk to greet them? If you do, is it because you consider them important? We should treat kids with the same response. Every person that walks into a school should feel that they are highly valued.”— School Culture and Mental Health,http://auliachair.tumblr.com/archive/2015/1
106,“dibiarkan” saja dulu,http://auliachair.tumblr.com/post/121435119802/lupa-akan-basa-basi-seakan-semua-sudah-bersiap
107,“Marhaban ya, Ramadhan!”,http://auliachair.tumblr.com/tagged/fasting
108,“…pastikan bahwa laki-laki yang nantinya mengajakmu hidup bersama adalah laki-laki yang bisa diajak berdiskusi, bukan menang sendiri…”,http://auliachair.tumblr.com/archive/2015/4
109,“akh”. Padahal lagi-lagi, katanya politik cuma sarana. Kenyataannya, menjadikan politik sebagai panglima. Berkahnya dimana itu politik? By to semua al-akh aktivis dakwah (via herricahyadi ),http://auliachair.tumblr.com/tagged/idk
110,“Eliana” (via historyoftherain ),http://auliachair.tumblr.com/tagged/love
111,“tubuh siapakah gerangan yang kukenakan ini?”,http://auliachair.tumblr.com/tagged/metamorfosis
112,“Ah, omong kosong”, setelah selesai membaca judul di atas. ,http://auliachair.tumblr.com/tagged/repost
113,“cepat kaya”, asal saja mereka mau bekerja di firma hukum papan atas yang sedang makmur, seperti impian sebagian kelas menengah yang memanjakan anak-anaknya.,http://auliachair.tumblr.com/tagged/repost
114,“tukang pukul” yang siap mendorong mereka ke laut menjadi mangsa ikan-ikan ganas.,http://auliachair.tumblr.com/tagged/repost
115,“Kejarlah meaning. Jangan kejar karier demi uang. Sebab, kalau kalian kejar uang, kalian tidak dapat ‘meaning’, dan akhirnya tak dapat uang juga. Kalau kalian kejar ‘meaning’, maka kalian akan mendapatkan position, dan tentu saja uang.”,http://auliachair.tumblr.com/tagged/repost
116,“Tidak saya duga, apa yang saya lakukan 20 tahun lalu itulah yang diperhatikan pemegang saham,” ujar mereka.,http://auliachair.tumblr.com/tagged/repost
117,“Uang itu memang tak punya mata, tetapi mempunyai penciuman. Ia tak bisa dikejar, tetapi datang tiada henti kepada mereka yang meaning-nya kuat.”,http://auliachair.tumblr.com/tagged/repost
118,“daratan es dan  salju”. Iklim di daratan kutub selatan sangat dingin, suhu rata-rata  per tahun hanya -25 derajat C, suhu terendah mencapai –90 derajat C,  karena itu juga disebut “ekstrim dingin dunia”.,http://auliachair.tumblr.com/archive/2011/8
119,“asapnya ganggu banget, bisa matiin nggak?”,http://auliachair.tumblr.com/archive?before_time=1446391589
120,“A country where schools are not functioning - is a country that will fall into failure,” he says.,http://auliachair.tumblr.com/tagged/school
121,“A country where schools are not functioning, is a country that will fall into failure” - Jean Firmin Selonkoue, School Director,http://auliachair.tumblr.com/tagged/school
122,“akh”. Padahal lagi-lagi, katanya politik cuma sarana. Kenyataannya, menjadikan politik sebagai panglima. Berkahnya dimana itu politik? By to semua al-akh aktivis dakwah (via herricahyadi ),http://auliachair.tumblr.com/tagged/hm
123,“Ah, omong kosong”, setelah selesai membaca judul di atas. ,http://auliachair.tumblr.com/tagged/reblog
124,“cepat kaya”, asal saja mereka mau bekerja di firma hukum papan atas yang sedang makmur, seperti impian sebagian kelas menengah yang memanjakan anak-anaknya.,http://auliachair.tumblr.com/tagged/reblog
125,“tukang pukul” yang siap mendorong mereka ke laut menjadi mangsa ikan-ikan ganas.,http://auliachair.tumblr.com/tagged/reblog
126,“Kejarlah meaning. Jangan kejar karier demi uang. Sebab, kalau kalian kejar uang, kalian tidak dapat ‘meaning’, dan akhirnya tak dapat uang juga. Kalau kalian kejar ‘meaning’, maka kalian akan mendapatkan position, dan tentu saja uang.”,http://auliachair.tumblr.com/tagged/reblog
127,“Tidak saya duga, apa yang saya lakukan 20 tahun lalu itulah yang diperhatikan pemegang saham,” ujar mereka.,http://auliachair.tumblr.com/tagged/reblog
128,“Uang itu memang tak punya mata, tetapi mempunyai penciuman. Ia tak bisa dikejar, tetapi datang tiada henti kepada mereka yang meaning-nya kuat.”,http://auliachair.tumblr.com/tagged/reblog
129,“(Ingatlah), ketika Allah mengatakan: "Hai Isa putra Maryam, ingatlah nikmat-Ku kepadamu dan kepada ibumu di waktu Aku menguatkan kamu dengan ruhul qudus. Kamu dapat berbicara dengan manusia di waktu masih dalam buaian dan sesudah dewasa; dan (ingatlah) di waktu Aku mengajar kamu menulis, hikmah, Taurat dan Injil, dan (ingatlah pula) diwaktu kamu membentuk dari tanah (suatu bentuk) yang berupa burung dengan ijin-Ku, kemudian kamu meniup kepadanya, lalu bentuk itu menjadi burung (yang sebenarnya) dengan seizin-Ku. Dan (ingatlah) di waktu kamu menyembuhkan orang yang buta sejak dalam kandungan ibu dan orang yang berpenyakit sopak dengan seizin-Ku, dan (ingatlah) di waktu kamu mengeluarkan orang mati dari kubur (menjadi hidup) dengan seizin-Ku, dan (ingatlah) di waktu Aku menghalangi Bani Israil (dari keinginan mereka membunuh kamu) di kala kamu mengemukakan kepada mereka keterangan-keterangan yang nyata, lalu orang-orang kafir diantara mereka berkata: "Ini tidak lain melainkan sihir yang nyata”.“,http://auliachair.tumblr.com/archive/2015/6
130,"aku tahu kau mengabdi kepada paman dari ibumu. Pengabdian itu bagus, Tapi aku juga tahu bahwa saudaraku, Umar bin Khattab, akan hanya menggunakan kebijaksanaannya untuk tujuan yang baik. jika ia menentukan sesuatu kemudian menemukan alternatif yang lebih baik, Dia tidak ada masalah memilih yang lebih baik. Apa yang kita lihat dari Umar adalah apa yang ia tunjukkan. Dia tidak melakukan suatu untuk menyenangkan orang atau takut terhadap seseorang. Apa yang dia tentukan sesuai dengan agamanya, Tidak peduli siapa yang senang dan yang tidak, walaupun jika itu pamannya, abu hakam bin Hisyam.",http://auliachair.tumblr.com/archive/2015/6
131,“waktu SD itu, yunus rangking 1 terus. cita-citanya jadi ilmuwan. senengannya baca buku. apa saja dibaca.”,http://auliachair.tumblr.com/tagged/life/page/3
132,“jadi astronot ya Bu?”,http://auliachair.tumblr.com/tagged/life/page/3
133,“terus yunus ditawari PMDK ke UI. yunus pilih fasilkom. beberapa hari kemudian, yunus daftar kedokteran UGM. dia memang ingin jadi dokter. ternyata, dua-duanya keterima.”,http://auliachair.tumblr.com/tagged/life/page/3
134,“oh ya Bu? saya nggak tau mas yunus pernah keterima kedokteran UGM.”,http://auliachair.tumblr.com/tagged/life/page/3
135,“iya. tapi yunus pilih UI karena masuknya jalur PMDK. katanya, kalau nggak diambil, kasihan adik-adik kelasnya. bisa jadi sekolahnya di-blacklist untuk PMDK. padahal di UGM bisa lebih murah kuliahnya. jurusannya lebih sesuai dengan cita-citanya. tapi begitu, yunus selalu mikirin orang lain.”,http://auliachair.tumblr.com/tagged/life/page/3
136,“di fasilkom nilainya bagus-bagus padahal ya Bu? IP-nya hampir selalu 3,9. malah yunus juga belajar di UT (universitas terbuka). sudah lulus itu, yunus itu juga sarjana manajemen mbak,” kata Bapak lagi.,http://auliachair.tumblr.com/tagged/life/page/3
137,“Ibu nggak marah Bu waktu mas yunus mau pindah kedokteran? kalau saya minta gitu ke ibu saya, pasti saya dimarahin. sudah 2 tahun kuliah…”,http://auliachair.tumblr.com/tagged/life/page/3
138,“enggak. Ibu percaya sama yunus. dari kecil, pilihan hidup yunus selalu memikirkan orang lain, apalagi orang tuanya. Ibu cuma mikir akan punya uang atau enggak. akhirnya Ibu beri yunus syarat. syaratnya harus kedokteran UI. kalau nggak UI, Ibu nggak ngebolehin.”,http://auliachair.tumblr.com/tagged/life/page/3
139,“terus diterima. kalau mas yunus nggak di kedokteran, mungkin saya nggak ketemu mas yunus,” kata saya hati-hati. takut salah.,http://auliachair.tumblr.com/tagged/life/page/3
140,“nggak juga mbak. kalau sudah jodoh, bagaimanapun caranya pasti ketemu kok,” Ibu tertawa dengan senyum yang sama seperti yang mas yunus punya.,http://auliachair.tumblr.com/tagged/life/page/3
141,“iya juga Bu.”,http://auliachair.tumblr.com/tagged/life/page/3
142,“iya Bu. walaupun kuliahnya nggak di luar negeri, saya sepakat, lebih baik spesialis langsung. biar susah-susahnya duluan. dan ternyata spesialis di Unair juga langsung s2. alhamdulillah ya Bu.”,http://auliachair.tumblr.com/tagged/life/page/3
143,“iya. kata yunus pasti nanti ada kesempatan yunus sekolah atau kursus atau yang lain di luar negeri. katanya, mau perginya sama kamu. atau malah, nganterin kamu sekolah.”,http://auliachair.tumblr.com/tagged/life/page/3
144,“kamu tenang saja. walaupun yunus sekarang sibuk sekali, pasti yunus mikirin kamu. pasti punya rencana-rencana untukmu. dia hanya sering nggak bilang. disimpan sendiri sampai kejadian.”,http://auliachair.tumblr.com/tagged/life/page/3
145,“hahaha,” Ibu tertawa, “yang pertama, jodoh itu Allah yang menentukan mbak. kalau memang jodohnya yunus kamu, kamu mau gimana? yang kedua, yunus sayang sekali sama kamu. sekarang itu yunus sulit sekali komunikasinya dengan Ibu karena nggak punya waktu. tapi masih bisa komunikasi sama kamu kan?”,http://auliachair.tumblr.com/tagged/life/page/3
146,“yunus pasti jagain kamu. jagain kamu ada dalam rencana yunus, dan usahanya.”,http://auliachair.tumblr.com/tagged/life/page/3
147,“mas yunus nggak salah kok milih uti. mas yunus akan selalu bahagia bersama uti. janji.”,http://auliachair.tumblr.com/tagged/life/page/3
148,“aku tuh gabisa digini-iiiiin” gitu kira-kira jeritan hatinya XD,http://auliachair.tumblr.com/archive/2015/5
149,“Now all you can do is wait. It must be hard for you, but there is a right time for everything. Like the ebb and flow of tides. No one can do anything to change them. When it is time to wait, you must wait.”—,http://auliachair.tumblr.com/archive/2015/5
150,“tubuh siapakah gerangan yang kukenakan ini?”,http://auliachair.tumblr.com/post/128171975332/metamorfosis
151,“engga, cuma kebetulan lewat aja. Lagi pula, mana bisa sih gue ngedapetin beasiswa itu?”,http://auliachair.tumblr.com/archive/2011/9
152,“jangan pesimis gitu dong, lo pasti bisa kok J”,http://auliachair.tumblr.com/archive/2011/9
153,“udah lah, ga usah dengerin dia. Lo kayak ga tau dia aja?”,http://auliachair.tumblr.com/archive/2011/9
154,“weh, ngumpul ga ngajak-ngajak nih.. lagi pada ngapain sih?”,http://auliachair.tumblr.com/archive/2011/9
155,“hah? (bingung) ooh, tenang aja jri.. kita bakal bantuin lo kok J”,http://auliachair.tumblr.com/archive/2011/9
156,“iya, jri. Gimana kalo mulai hari ini, setiap pulang sekolah, kita belajar bareng?”,http://auliachair.tumblr.com/archive/2011/9
157,“jangan nyerah gitu dong, sob! Kita dukung lo kok.”,http://auliachair.tumblr.com/archive/2011/9
158,“nah, bener tuh! Dengerin tuh kata si Nadya.”,http://auliachair.tumblr.com/archive/2011/9
159,“hmm, oke..”,http://auliachair.tumblr.com/archive/2011/9
160,"Sebaik-baik manusia adalah manusia yang paling bermanfaat bagi manusia lainnya",http://auliachair.tumblr.com/post/124054649687/onedayonemessage27
161,“ingin jadi manusia yang bermanfaat bagi orang lain”,http://auliachair.tumblr.com/post/124054649687/onedayonemessage27
162,“seberapa banyak waktu untuk keluarga?”,http://auliachair.tumblr.com/post/124054649687/onedayonemessage27
163,“dakwah tersulit adalah dakwah di keluarga”.,http://auliachair.tumblr.com/post/124054649687/onedayonemessage27
164,“Seorang pria datang kepada Rasulullah saw. “Wahai Rasulullah, siapakah orang yang paling patut saya perlakukan dengan baik?” Tanya pria itu.,http://auliachair.tumblr.com/post/124054649687/onedayonemessage27
165,“Gw sedih, baru aja gw habis kecopetan. Semua kartu pentingnya hilang. Di angkot men.”,http://auliachair.tumblr.com/tagged/mendengar
166,“Ah, gue juga pernah tuh. Malingnya….”,http://auliachair.tumblr.com/tagged/mendengar
167,“curhat”.,http://auliachair.tumblr.com/tagged/mendengar
168,“Aku” dalam bahasa Banjar) ngga kak? Kita pernah ketemu sekali di kapal saat menyebrang sungai, beberapa tahun yang lalu. Saya masih ingat, Kakak bilang,’Kamu harus semangat belajar, rajin sekolah. Sekolah tinggi, sekolah ke Jawa.’ Kakak, kasih tahu caranya dong bagaimana supaya saya bisa sekolah tinggi. Terima kasih ya Kak, saat itu sudah memberi saya semangat.” ,http://auliachair.tumblr.com/tagged/senyum
169,“rumah” mereka pas hujan deras, Bapak dan anak itu masuk ke dalam gerobak. Gue ngga bisa nyediain tempat tinggal.“,http://auliachair.tumblr.com/tagged/senyum
170,“I did not get good grades because I was facing tough problems at home. We were orphans and very poor,” she explained. But she now receives vocational training. “I think I will make a decent living and survive comfortably now,” she said. © UNICEF/NYHQ2010-1862/Noorani,http://auliachair.tumblr.com/post/124695684297/unicef-photo-of-the-week-lina-16-of
171,“asapnya ganggu banget, bisa matiin nggak?”,http://auliachair.tumblr.com/tagged/social
172,“tubuh siapakah gerangan yang kukenakan ini?”,http://auliachair.tumblr.com/tagged/SDD
173,“Marhaban ya, Ramadhan!”,http://auliachair.tumblr.com/post/121351180037/marhaban-ya-ramadhan
174,“He died from the stress,” she said. Meet more women and children affected by the conflict: http://uni.cf/1PcVYha  ,http://auliachair.tumblr.com/tagged/women
175,“We didnt bring anything with us, we just ran.”,http://auliachair.tumblr.com/tagged/women
176,“sadar nggak sadar, banyak juga anak yang ingin menjadi antitesis orangtuanya. sama seperti pemerintahan. setiap ganti pemimpin, orang cenderung mencari sosok yang berlawanan dengan karakter orang sebelumnya.”,http://auliachair.tumblr.com/post/132336457177/antitesis
177,“aku paham. misalnya ada seorang anak yang ibunya wanita karir dan merasa kurang perhatian. saat dewasa, dia akan cenderung ingin menjadi ibu rumah tangga. sebaliknya, ada seorang anak yang ibunya adalah ibu rumah tangga dan merasa ibunya kurang teraktualisasi. saat dewasa, dia cenderung ingin menjadi wanita karir.”,http://auliachair.tumblr.com/post/132336457177/antitesis
178,“yap. jadi sebetulnya, ibu yang hebat adalah–”,http://auliachair.tumblr.com/post/132336457177/antitesis
179,“yang?”,http://auliachair.tumblr.com/post/132336457177/antitesis
180,“yang bikin anak-(perempuan)nya ingin menjadi persis seperti dia. karena anaknya merasa memiliki teladan yang tepat. tanpa terpaksa.”,http://auliachair.tumblr.com/post/132336457177/antitesis
181,“iya. banget. :’) ”,http://auliachair.tumblr.com/post/132336457177/antitesis
182,“Ah, omong kosong”, setelah selesai membaca judul di atas. ,http://auliachair.tumblr.com/post/138858189392/mereka-cari-jalan-bukan-cari-uang
183,“cepat kaya”, asal saja mereka mau bekerja di firma hukum papan atas yang sedang makmur, seperti impian sebagian kelas menengah yang memanjakan anak-anaknya.,http://auliachair.tumblr.com/post/138858189392/mereka-cari-jalan-bukan-cari-uang
184,“tukang pukul” yang siap mendorong mereka ke laut menjadi mangsa ikan-ikan ganas.,http://auliachair.tumblr.com/post/138858189392/mereka-cari-jalan-bukan-cari-uang
185,“Kejarlah meaning. Jangan kejar karier demi uang. Sebab, kalau kalian kejar uang, kalian tidak dapat ‘meaning’, dan akhirnya tak dapat uang juga. Kalau kalian kejar ‘meaning’, maka kalian akan mendapatkan position, dan tentu saja uang.”,http://auliachair.tumblr.com/post/138858189392/mereka-cari-jalan-bukan-cari-uang
186,“Tidak saya duga, apa yang saya lakukan 20 tahun lalu itulah yang diperhatikan pemegang saham,” ujar mereka.,http://auliachair.tumblr.com/post/138858189392/mereka-cari-jalan-bukan-cari-uang
187,“Uang itu memang tak punya mata, tetapi mempunyai penciuman. Ia tak bisa dikejar, tetapi datang tiada henti kepada mereka yang meaning-nya kuat.”,http://auliachair.tumblr.com/post/138858189392/mereka-cari-jalan-bukan-cari-uang
188,"aku tahu kau mengabdi kepada paman dari ibumu. Pengabdian itu bagus, Tapi aku juga tahu bahwa saudaraku, Umar bin Khattab, akan hanya menggunakan kebijaksanaannya untuk tujuan yang baik. jika ia menentukan sesuatu kemudian menemukan alternatif yang lebih baik, Dia tidak ada masalah memilih yang lebih baik. Apa yang kita lihat dari Umar adalah apa yang ia tunjukkan. Dia tidak melakukan suatu untuk menyenangkan orang atau takut terhadap seseorang. Apa yang dia tentukan sesuai dengan agamanya, Tidak peduli siapa yang senang dan yang tidak, walaupun jika itu pamannya, abu hakam bin Hisyam.",http://auliachair.tumblr.com/tagged/chat
189,“if life isn’t complicated enough, what the taste of that ‘life’ will be?”. so, I try to convince my self that it’s not something to complain, but it’s not something to let go too. well, err.. in short, I think “make your life complicated, but straight it after you taste it!”,http://auliachair.tumblr.com/archive/2011/11
190,“When people talk to each other, they never say what they mean. They say something else and you’re expected to just know what they mean.”—,http://auliachair.tumblr.com/archive/2015/2?before_time=1422852758
191,“Think about this practice…if your boss walks into your classroom, do you get out of your desk to greet them? If you do, is it because you consider them important? We should treat kids with the same response. Every person that walks into a school should feel that they are highly valued.”— School Culture and Mental Health,http://auliachair.tumblr.com/archive/2015/2?before_time=1422852758
192,“Gw sedih, baru aja gw habis kecopetan. Semua kartu pentingnya hilang. Di angkot men.”,http://auliachair.tumblr.com/post/138592974417/belajar-mendengarkan
193,“Ah, gue juga pernah tuh. Malingnya….”,http://auliachair.tumblr.com/post/138592974417/belajar-mendengarkan
194,“curhat”.,http://auliachair.tumblr.com/post/138592974417/belajar-mendengarkan
195,“Eliana” (via historyoftherain ),http://auliachair.tumblr.com/post/123561442787/kau-tahu-hakikat-cinta-adalah-melepaskan-semakin
196,“I have to go.”,http://auliachair.tumblr.com/archive/2012/10?before_time=1349411792
197,“I have to go.”,http://auliachair.tumblr.com/archive/2012/10?before_time=1349411792
198,“disasters” dalam mengejar cita!,http://auliachair.tumblr.com/tagged/owl-city
199,“waktu SD itu, yunus rangking 1 terus. cita-citanya jadi ilmuwan. senengannya baca buku. apa saja dibaca.”,http://auliachair.tumblr.com/post/132865153722/prawitamutia-waktu-yunus-sd-ibu-pernah-ajak
200,“jadi astronot ya Bu?”,http://auliachair.tumblr.com/post/132865153722/prawitamutia-waktu-yunus-sd-ibu-pernah-ajak
201,“terus yunus ditawari PMDK ke UI. yunus pilih fasilkom. beberapa hari kemudian, yunus daftar kedokteran UGM. dia memang ingin jadi dokter. ternyata, dua-duanya keterima.”,http://auliachair.tumblr.com/post/132865153722/prawitamutia-waktu-yunus-sd-ibu-pernah-ajak
202,“oh ya Bu? saya nggak tau mas yunus pernah keterima kedokteran UGM.”,http://auliachair.tumblr.com/post/132865153722/prawitamutia-waktu-yunus-sd-ibu-pernah-ajak
203,“iya. tapi yunus pilih UI karena masuknya jalur PMDK. katanya, kalau nggak diambil, kasihan adik-adik kelasnya. bisa jadi sekolahnya di-blacklist untuk PMDK. padahal di UGM bisa lebih murah kuliahnya. jurusannya lebih sesuai dengan cita-citanya. tapi begitu, yunus selalu mikirin orang lain.”,http://auliachair.tumblr.com/post/132865153722/prawitamutia-waktu-yunus-sd-ibu-pernah-ajak
204,“di fasilkom nilainya bagus-bagus padahal ya Bu? IP-nya hampir selalu 3,9. malah yunus juga belajar di UT (universitas terbuka). sudah lulus itu, yunus itu juga sarjana manajemen mbak,” kata Bapak lagi.,http://auliachair.tumblr.com/post/132865153722/prawitamutia-waktu-yunus-sd-ibu-pernah-ajak
205,“Ibu nggak marah Bu waktu mas yunus mau pindah kedokteran? kalau saya minta gitu ke ibu saya, pasti saya dimarahin. sudah 2 tahun kuliah…”,http://auliachair.tumblr.com/post/132865153722/prawitamutia-waktu-yunus-sd-ibu-pernah-ajak
206,“enggak. Ibu percaya sama yunus. dari kecil, pilihan hidup yunus selalu memikirkan orang lain, apalagi orang tuanya. Ibu cuma mikir akan punya uang atau enggak. akhirnya Ibu beri yunus syarat. syaratnya harus kedokteran UI. kalau nggak UI, Ibu nggak ngebolehin.”,http://auliachair.tumblr.com/post/132865153722/prawitamutia-waktu-yunus-sd-ibu-pernah-ajak
207,“terus diterima. kalau mas yunus nggak di kedokteran, mungkin saya nggak ketemu mas yunus,” kata saya hati-hati. takut salah.,http://auliachair.tumblr.com/post/132865153722/prawitamutia-waktu-yunus-sd-ibu-pernah-ajak
208,“nggak juga mbak. kalau sudah jodoh, bagaimanapun caranya pasti ketemu kok,” Ibu tertawa dengan senyum yang sama seperti yang mas yunus punya.,http://auliachair.tumblr.com/post/132865153722/prawitamutia-waktu-yunus-sd-ibu-pernah-ajak
209,“iya juga Bu.”,http://auliachair.tumblr.com/post/132865153722/prawitamutia-waktu-yunus-sd-ibu-pernah-ajak
210,“iya Bu. walaupun kuliahnya nggak di luar negeri, saya sepakat, lebih baik spesialis langsung. biar susah-susahnya duluan. dan ternyata spesialis di Unair juga langsung s2. alhamdulillah ya Bu.”,http://auliachair.tumblr.com/post/132865153722/prawitamutia-waktu-yunus-sd-ibu-pernah-ajak
211,“iya. kata yunus pasti nanti ada kesempatan yunus sekolah atau kursus atau yang lain di luar negeri. katanya, mau perginya sama kamu. atau malah, nganterin kamu sekolah.”,http://auliachair.tumblr.com/post/132865153722/prawitamutia-waktu-yunus-sd-ibu-pernah-ajak
212,“kamu tenang saja. walaupun yunus sekarang sibuk sekali, pasti yunus mikirin kamu. pasti punya rencana-rencana untukmu. dia hanya sering nggak bilang. disimpan sendiri sampai kejadian.”,http://auliachair.tumblr.com/post/132865153722/prawitamutia-waktu-yunus-sd-ibu-pernah-ajak
213,“hahaha,” Ibu tertawa, “yang pertama, jodoh itu Allah yang menentukan mbak. kalau memang jodohnya yunus kamu, kamu mau gimana? yang kedua, yunus sayang sekali sama kamu. sekarang itu yunus sulit sekali komunikasinya dengan Ibu karena nggak punya waktu. tapi masih bisa komunikasi sama kamu kan?”,http://auliachair.tumblr.com/post/132865153722/prawitamutia-waktu-yunus-sd-ibu-pernah-ajak
214,“yunus pasti jagain kamu. jagain kamu ada dalam rencana yunus, dan usahanya.”,http://auliachair.tumblr.com/post/132865153722/prawitamutia-waktu-yunus-sd-ibu-pernah-ajak
215,“mas yunus nggak salah kok milih uti. mas yunus akan selalu bahagia bersama uti. janji.”,http://auliachair.tumblr.com/post/132865153722/prawitamutia-waktu-yunus-sd-ibu-pernah-ajak
216,“I have to go.”,http://auliachair.tumblr.com/tagged/mine
217,“I have to go.”,http://auliachair.tumblr.com/tagged/mine
218,“I have to go.”,http://auliachair.tumblr.com/post/20641225348/you-and-me
219,“I have to go.”,http://auliachair.tumblr.com/post/20641225348/you-and-me
220,“jangan-jangan, justru diri ini sendiri yang sangat butuh untuk diseka kucuran keringatnya yang penuh dosa”,http://auliachair.tumblr.com/tagged/curhat
221,“ketika lo mendapatkan apa yang lo beri”,http://auliachair.tumblr.com/tagged/curhat
222,“Ku kira untuk saat ini kita saling harus menjaga diri.” ☺,http://auliachair.tumblr.com/tagged/man
223,“Eliana” (via historyoftherain ),http://auliachair.tumblr.com/tagged/you
224,“Dan janganlah kamu berjalan di muka bumi ini dengan sombong, karena sesungguhnya kamu sekali-kali tidak dapat menembus bumi dan sekali-kali kamu tidak akan sampai setinggi gunung.”,http://auliachair.tumblr.com/archive/2014/9
225,“if life isn’t complicated enough, what the taste of that ‘life’ will be?”. so, I try to convince my self that it’s not something to complain, but it’s not something to let go too. well, err.. in short, I think “make your life complicated, but straight it after you taste it!”,http://auliachair.tumblr.com/post/13494325700/complicated-life
226,“seorang ibu”. By,http://auliachair.tumblr.com/post/125403534112/hanna-ibu-maryam-adalah-wanita-palestina-demi
227,“akh”. Padahal lagi-lagi, katanya politik cuma sarana. Kenyataannya, menjadikan politik sebagai panglima. Berkahnya dimana itu politik? By to semua al-akh aktivis dakwah (via herricahyadi ),http://auliachair.tumblr.com/post/138593229692/katanya-aktivis-dakwah-tapi-beda-haluan-politik
228,“LIBERTE” jacket. I modeled the jacket  using a software called Blender and produced 3D files; I could  now start to experiment with different materials and printers.,http://auliachair.tumblr.com/post/124925142967/prostheticknowledge-3d-printed-fashion-designer
229,"Demi Allah, kau adalah yang terbaik dari dua laki-laki. Aku yakin, doa nabi akan terkabul dengan memilihmu.") Bawa aku menemui Rasulullah dan para sahabatnya!,http://auliachair.tumblr.com/archive/2015/9?before_time=1441179004
230,“air”, maka Huda.id akan menunjukkan kata “langit”, “rezeki”, “buah-buahan”, “bersih”, dan kata lain yang berkaitan dengan “air” dalam Al-Quran. Kita juga bisa melihat statistik berapa kali kata-kata tersebut bersinggungan dengan kata kunci yang kita masukkan. Informasi yang didapatkan dari Huda.id ini bisa menjadi bahan untuk kita pelajari lebih lanjut.,http://auliachair.tumblr.com/tagged/badr
231,“O Controller of the hearts make my heart steadfast in Your religion.”,http://auliachair.tumblr.com/post/124925543437/productivemuslim-we-complete-the-month-of
232,“Staying Productive After Ramadan: Yes You Can!” – http://proms.ly/1HVIcti,http://auliachair.tumblr.com/post/124925543437/productivemuslim-we-complete-the-month-of
233,“Nabi Isa a.s pernah menyatakan, bahwa keserakahan manusia terhadap harta-bendanya itu, ibarat orang yang sedang minum minuman keras, semakin diteguk semakin terasa kurang dan ga puas-puas. Barulah dia bakalan berenti kalo udah mabuk, ga sadarin diri, dan.. jatuh. Gitu..”—,http://auliachair.tumblr.com/archive/2013/2
234,“Jika saja kau berpikir dengan pemikiranmu, pastilah akan ada saja kekurangan pada dirinya. Tapi jika saja kau butakan mata dan pikiranmu dan hanya menerima dengan hati yang jernih, pastilah kau akan melihat cahaya di wajahnya yang bersih dan kemilau”—,http://auliachair.tumblr.com/archive/2013/1
235,“Kau tak tahu rahasia hatiku. Kau pasti tak tahu jika Tuhan punya maksud dalam cinta itu. Ah, tapi jangan kau katakan aku ada pamrih. Kau tahu diriku selama ini. Dalam cinta yang tak tergapai, aku menemukan Tuhan hadir menyambangi kesedihanku. Tahukah kau rahasia para pencinta yang senantiasa mengejar cinta? Dalam kepedihan, kau tahu bahwa Tuhan hadir dalam jiwaku, menawarkan wangi mawarnya di sela-sela duri yang menusuk. Kau tahu, dalam perahu yang dipecahkan oleh gelombangnya, Dia mengangkatku di ketinggian dan mendamparkan di pepantai-Nya yang teduh. Kau tahu rahasiaku!”—,http://auliachair.tumblr.com/archive/2013/1
236,“Aku adalah anggota duniamu. Aku mengenakan seragam yang sama dengan tentaramu, jadi jangan tembak.”,http://auliachair.tumblr.com/post/110292390097/fashion-apa-yang-ada-di-kepala-orang-orang-ini
237,“air”, maka Huda.id akan menunjukkan kata “langit”, “rezeki”, “buah-buahan”, “bersih”, dan kata lain yang berkaitan dengan “air” dalam Al-Quran. Kita juga bisa melihat statistik berapa kali kata-kata tersebut bersinggungan dengan kata kunci yang kita masukkan. Informasi yang didapatkan dari Huda.id ini bisa menjadi bahan untuk kita pelajari lebih lanjut.,http://auliachair.tumblr.com/tagged/huda.id
238,“asapnya ganggu banget, bisa matiin nggak?”,http://auliachair.tumblr.com/archive/2015/10
239,“waktu SD itu, yunus rangking 1 terus. cita-citanya jadi ilmuwan. senengannya baca buku. apa saja dibaca.”,http://auliachair.tumblr.com/archive/2015/11
240,“jadi astronot ya Bu?”,http://auliachair.tumblr.com/archive/2015/11
241,“terus yunus ditawari PMDK ke UI. yunus pilih fasilkom. beberapa hari kemudian, yunus daftar kedokteran UGM. dia memang ingin jadi dokter. ternyata, dua-duanya keterima.”,http://auliachair.tumblr.com/archive/2015/11
242,“oh ya Bu? saya nggak tau mas yunus pernah keterima kedokteran UGM.”,http://auliachair.tumblr.com/archive/2015/11
243,“iya. tapi yunus pilih UI karena masuknya jalur PMDK. katanya, kalau nggak diambil, kasihan adik-adik kelasnya. bisa jadi sekolahnya di-blacklist untuk PMDK. padahal di UGM bisa lebih murah kuliahnya. jurusannya lebih sesuai dengan cita-citanya. tapi begitu, yunus selalu mikirin orang lain.”,http://auliachair.tumblr.com/archive/2015/11
244,“di fasilkom nilainya bagus-bagus padahal ya Bu? IP-nya hampir selalu 3,9. malah yunus juga belajar di UT (universitas terbuka). sudah lulus itu, yunus itu juga sarjana manajemen mbak,” kata Bapak lagi.,http://auliachair.tumblr.com/archive/2015/11
245,“Ibu nggak marah Bu waktu mas yunus mau pindah kedokteran? kalau saya minta gitu ke ibu saya, pasti saya dimarahin. sudah 2 tahun kuliah…”,http://auliachair.tumblr.com/archive/2015/11
246,“enggak. Ibu percaya sama yunus. dari kecil, pilihan hidup yunus selalu memikirkan orang lain, apalagi orang tuanya. Ibu cuma mikir akan punya uang atau enggak. akhirnya Ibu beri yunus syarat. syaratnya harus kedokteran UI. kalau nggak UI, Ibu nggak ngebolehin.”,http://auliachair.tumblr.com/archive/2015/11
247,“terus diterima. kalau mas yunus nggak di kedokteran, mungkin saya nggak ketemu mas yunus,” kata saya hati-hati. takut salah.,http://auliachair.tumblr.com/archive/2015/11
248,“nggak juga mbak. kalau sudah jodoh, bagaimanapun caranya pasti ketemu kok,” Ibu tertawa dengan senyum yang sama seperti yang mas yunus punya.,http://auliachair.tumblr.com/archive/2015/11
249,“iya juga Bu.”,http://auliachair.tumblr.com/archive/2015/11
250,“iya Bu. walaupun kuliahnya nggak di luar negeri, saya sepakat, lebih baik spesialis langsung. biar susah-susahnya duluan. dan ternyata spesialis di Unair juga langsung s2. alhamdulillah ya Bu.”,http://auliachair.tumblr.com/archive/2015/11
251,“iya. kata yunus pasti nanti ada kesempatan yunus sekolah atau kursus atau yang lain di luar negeri. katanya, mau perginya sama kamu. atau malah, nganterin kamu sekolah.”,http://auliachair.tumblr.com/archive/2015/11
252,“kamu tenang saja. walaupun yunus sekarang sibuk sekali, pasti yunus mikirin kamu. pasti punya rencana-rencana untukmu. dia hanya sering nggak bilang. disimpan sendiri sampai kejadian.”,http://auliachair.tumblr.com/archive/2015/11
253,“hahaha,” Ibu tertawa, “yang pertama, jodoh itu Allah yang menentukan mbak. kalau memang jodohnya yunus kamu, kamu mau gimana? yang kedua, yunus sayang sekali sama kamu. sekarang itu yunus sulit sekali komunikasinya dengan Ibu karena nggak punya waktu. tapi masih bisa komunikasi sama kamu kan?”,http://auliachair.tumblr.com/archive/2015/11
254,“yunus pasti jagain kamu. jagain kamu ada dalam rencana yunus, dan usahanya.”,http://auliachair.tumblr.com/archive/2015/11
255,“mas yunus nggak salah kok milih uti. mas yunus akan selalu bahagia bersama uti. janji.”,http://auliachair.tumblr.com/archive/2015/11
256,“…pastikan bahwa laki-laki yang nantinya mengajakmu hidup bersama adalah laki-laki yang bisa diajak berdiskusi, bukan menang sendiri…”,http://auliachair.tumblr.com/tagged/nexttime
257,“Kau pikir hanya karena mereka orang jahat, Tidak ada orang yang baik juga? Aku sempat pikirkan hal yang sama juga. Tapi selalu ada seseorang untukmu. Di suatu tempat.”—,http://auliachair.tumblr.com/archive/2012/12
258,“…pastikan bahwa laki-laki yang nantinya mengajakmu hidup bersama adalah laki-laki yang bisa diajak berdiskusi, bukan menang sendiri…”,http://auliachair.tumblr.com/tagged/messages
259,“Maha Suci Engkau. Engkaulah pelindung kami, bukan mereka; bahkan mereka telah menyembah jin; kebanyakan mereka beriman kepada jin itu.”,http://auliachair.tumblr.com/archive/2012/11
260,"Demi Allah, kau adalah yang terbaik dari dua laki-laki. Aku yakin, doa nabi akan terkabul dengan memilihmu.") Bawa aku menemui Rasulullah dan para sahabatnya!,http://auliachair.tumblr.com/archive/2015/8?before_time=1438416724
261,“(Ingatlah), ketika Allah mengatakan: "Hai Isa putra Maryam, ingatlah nikmat-Ku kepadamu dan kepada ibumu di waktu Aku menguatkan kamu dengan ruhul qudus. Kamu dapat berbicara dengan manusia di waktu masih dalam buaian dan sesudah dewasa; dan (ingatlah) di waktu Aku mengajar kamu menulis, hikmah, Taurat dan Injil, dan (ingatlah pula) diwaktu kamu membentuk dari tanah (suatu bentuk) yang berupa burung dengan ijin-Ku, kemudian kamu meniup kepadanya, lalu bentuk itu menjadi burung (yang sebenarnya) dengan seizin-Ku. Dan (ingatlah) di waktu kamu menyembuhkan orang yang buta sejak dalam kandungan ibu dan orang yang berpenyakit sopak dengan seizin-Ku, dan (ingatlah) di waktu kamu mengeluarkan orang mati dari kubur (menjadi hidup) dengan seizin-Ku, dan (ingatlah) di waktu Aku menghalangi Bani Israil (dari keinginan mereka membunuh kamu) di kala kamu mengemukakan kepada mereka keterangan-keterangan yang nyata, lalu orang-orang kafir diantara mereka berkata: "Ini tidak lain melainkan sihir yang nyata”.“,http://auliachair.tumblr.com/archive/2015/7?before_time=1435787061
262,"aku tahu kau mengabdi kepada paman dari ibumu. Pengabdian itu bagus, Tapi aku juga tahu bahwa saudaraku, Umar bin Khattab, akan hanya menggunakan kebijaksanaannya untuk tujuan yang baik. jika ia menentukan sesuatu kemudian menemukan alternatif yang lebih baik, Dia tidak ada masalah memilih yang lebih baik. Apa yang kita lihat dari Umar adalah apa yang ia tunjukkan. Dia tidak melakukan suatu untuk menyenangkan orang atau takut terhadap seseorang. Apa yang dia tentukan sesuai dengan agamanya, Tidak peduli siapa yang senang dan yang tidak, walaupun jika itu pamannya, abu hakam bin Hisyam.",http://auliachair.tumblr.com/archive/2015/7?before_time=1435787061
263,“Aku” dalam bahasa Banjar) ngga kak? Kita pernah ketemu sekali di kapal saat menyebrang sungai, beberapa tahun yang lalu. Saya masih ingat, Kakak bilang,’Kamu harus semangat belajar, rajin sekolah. Sekolah tinggi, sekolah ke Jawa.’ Kakak, kasih tahu caranya dong bagaimana supaya saya bisa sekolah tinggi. Terima kasih ya Kak, saat itu sudah memberi saya semangat.” ,http://auliachair.tumblr.com/archive/2016/1
264,“rumah” mereka pas hujan deras, Bapak dan anak itu masuk ke dalam gerobak. Gue ngga bisa nyediain tempat tinggal.“,http://auliachair.tumblr.com/archive/2016/1
265,“Some notes are heartbreaking like the  first #iwishmyteacherknew tweet which read, ‘I wish my teacher knew I  don’t have pencils at home to do my homework.’ I care deeply about each  and every one of my students and I don’t want any of them to have to  suffer the consequences of living in poverty, which is my main  motivation for teaching.”,http://auliachair.tumblr.com/tagged/children
266,“sudah sampaikah kita?” tanyamu tiba-tiba. Lupakah,http://auliachair.tumblr.com/post/111748555237/cahaya-bertebaran
267,“LIBERTE” jacket. I modeled the jacket  using a software called Blender and produced 3D files; I could  now start to experiment with different materials and printers.,http://auliachair.tumblr.com/tagged/3dprinted
268,“A major limitation has always been the efficiency of the enzymes,” one of the team, Stephen Withers, said in a press release . “Impractically large amounts of enzyme were needed.”,http://auliachair.tumblr.com/tagged/science
269,“The concept is not new, but until now we needed so much of the enzyme to make it work that it was impractical,” said Withers . “Now I’m confident that we can take this a whole lot further.”,http://auliachair.tumblr.com/tagged/science
270,“Given our success so far, we are optimistic that this will work,” says Withers .,http://auliachair.tumblr.com/tagged/science
271,“For peaceful purposes and the benefit of mankind.” Recruitment ad from the January 16, 1959 issue of the Guilfordian .,http://auliachair.tumblr.com/post/125401842427/for-peaceful-purposes-and-the-benefit-of
272,“menunggu redanya hujan pagi ini adalah membaca sesuatu dari pikiranmu.”;;,http://auliachair.tumblr.com/post/110511546652/let-sth-menunggu-redanya-hujan-pagi-ini-adalah
273,“Kita bergerak sekaligus digerakkan”,http://auliachair.tumblr.com/post/113134017952/tulisan-mencintai-takdir
274,“triangle”, “energy”, or “acid”. Scientists must provide precise definitions for scientific terms. It’s not only their job, it’s their responsibility.,http://auliachair.tumblr.com/post/124132700302/ucresearch-why-is-it-important-to-define-what-a
275,“planetary systems” occurred in the 90s: the discovery of celestial bodies orbiting stars other than the sun, and the discovery of a vast belt of small bodies orbiting the sun beyond Neptune. Both of these developments made it pressing to arrive at a proper definition for the word “planet”. People were making claims of discovering new planets, but were they really planets? The taxonomy as of 2006 was incomplete.,http://auliachair.tumblr.com/post/124132700302/ucresearch-why-is-it-important-to-define-what-a
276,“harus” meninggalkan kita. ,http://auliachair.tumblr.com/post/115042693547/kyaaaaaaah-lewat-28-menit-happy-zweet
277,“LIBERTE” jacket. I modeled the jacket  using a software called Blender and produced 3D files; I could  now start to experiment with different materials and printers.,http://auliachair.tumblr.com/tagged/pk
278,“waktu SD itu, yunus rangking 1 terus. cita-citanya jadi ilmuwan. senengannya baca buku. apa saja dibaca.”,http://auliachair.tumblr.com/archive/2016/2?before_time=1454481823
279,“jadi astronot ya Bu?”,http://auliachair.tumblr.com/archive/2016/2?before_time=1454481823
280,“terus yunus ditawari PMDK ke UI. yunus pilih fasilkom. beberapa hari kemudian, yunus daftar kedokteran UGM. dia memang ingin jadi dokter. ternyata, dua-duanya keterima.”,http://auliachair.tumblr.com/archive/2016/2?before_time=1454481823
281,“oh ya Bu? saya nggak tau mas yunus pernah keterima kedokteran UGM.”,http://auliachair.tumblr.com/archive/2016/2?before_time=1454481823
282,“iya. tapi yunus pilih UI karena masuknya jalur PMDK. katanya, kalau nggak diambil, kasihan adik-adik kelasnya. bisa jadi sekolahnya di-blacklist untuk PMDK. padahal di UGM bisa lebih murah kuliahnya. jurusannya lebih sesuai dengan cita-citanya. tapi begitu, yunus selalu mikirin orang lain.”,http://auliachair.tumblr.com/archive/2016/2?before_time=1454481823
283,“di fasilkom nilainya bagus-bagus padahal ya Bu? IP-nya hampir selalu 3,9. malah yunus juga belajar di UT (universitas terbuka). sudah lulus itu, yunus itu juga sarjana manajemen mbak,” kata Bapak lagi.,http://auliachair.tumblr.com/archive/2016/2?before_time=1454481823
284,“Ibu nggak marah Bu waktu mas yunus mau pindah kedokteran? kalau saya minta gitu ke ibu saya, pasti saya dimarahin. sudah 2 tahun kuliah…”,http://auliachair.tumblr.com/archive/2016/2?before_time=1454481823
285,“enggak. Ibu percaya sama yunus. dari kecil, pilihan hidup yunus selalu memikirkan orang lain, apalagi orang tuanya. Ibu cuma mikir akan punya uang atau enggak. akhirnya Ibu beri yunus syarat. syaratnya harus kedokteran UI. kalau nggak UI, Ibu nggak ngebolehin.”,http://auliachair.tumblr.com/archive/2016/2?before_time=1454481823
286,“terus diterima. kalau mas yunus nggak di kedokteran, mungkin saya nggak ketemu mas yunus,” kata saya hati-hati. takut salah.,http://auliachair.tumblr.com/archive/2016/2?before_time=1454481823
287,“nggak juga mbak. kalau sudah jodoh, bagaimanapun caranya pasti ketemu kok,” Ibu tertawa dengan senyum yang sama seperti yang mas yunus punya.,http://auliachair.tumblr.com/archive/2016/2?before_time=1454481823
288,“iya juga Bu.”,http://auliachair.tumblr.com/archive/2016/2?before_time=1454481823
289,“iya Bu. walaupun kuliahnya nggak di luar negeri, saya sepakat, lebih baik spesialis langsung. biar susah-susahnya duluan. dan ternyata spesialis di Unair juga langsung s2. alhamdulillah ya Bu.”,http://auliachair.tumblr.com/archive/2016/2?before_time=1454481823
290,“iya. kata yunus pasti nanti ada kesempatan yunus sekolah atau kursus atau yang lain di luar negeri. katanya, mau perginya sama kamu. atau malah, nganterin kamu sekolah.”,http://auliachair.tumblr.com/archive/2016/2?before_time=1454481823
291,“kamu tenang saja. walaupun yunus sekarang sibuk sekali, pasti yunus mikirin kamu. pasti punya rencana-rencana untukmu. dia hanya sering nggak bilang. disimpan sendiri sampai kejadian.”,http://auliachair.tumblr.com/archive/2016/2?before_time=1454481823
292,“hahaha,” Ibu tertawa, “yang pertama, jodoh itu Allah yang menentukan mbak. kalau memang jodohnya yunus kamu, kamu mau gimana? yang kedua, yunus sayang sekali sama kamu. sekarang itu yunus sulit sekali komunikasinya dengan Ibu karena nggak punya waktu. tapi masih bisa komunikasi sama kamu kan?”,http://auliachair.tumblr.com/archive/2016/2?before_time=1454481823
293,“yunus pasti jagain kamu. jagain kamu ada dalam rencana yunus, dan usahanya.”,http://auliachair.tumblr.com/archive/2016/2?before_time=1454481823
294,“mas yunus nggak salah kok milih uti. mas yunus akan selalu bahagia bersama uti. janji.”,http://auliachair.tumblr.com/archive/2016/2?before_time=1454481823
295,“real person” who doesn’t wear a mask.,http://auliachair.tumblr.com/post/116645582887/how-to-be-confident-without-being-arrogant
296,“air”, maka Huda.id akan menunjukkan kata “langit”, “rezeki”, “buah-buahan”, “bersih”, dan kata lain yang berkaitan dengan “air” dalam Al-Quran. Kita juga bisa melihat statistik berapa kali kata-kata tersebut bersinggungan dengan kata kunci yang kita masukkan. Informasi yang didapatkan dari Huda.id ini bisa menjadi bahan untuk kita pelajari lebih lanjut.,http://auliachair.tumblr.com/post/123627358707/senjaya-sebuah-mesin-pencari-baru-saja
297,“Aku ada di sini. Sejak lama. Menunggumu menyadari bahwa sebenarnya kamu terlalu jauh mencari.” ,http://auliachair.tumblr.com/post/109585148682/ada-sejak-lama
298,“Ku kira untuk saat ini kita saling harus menjaga diri.” ☺,http://auliachair.tumblr.com/post/109584757632/pesan
299,“A country where schools are not functioning - is a country that will fall into failure,” he says.,http://auliachair.tumblr.com/post/108516491727/teachersworldwide-via-unicef-nzangogna
300,“A country where schools are not functioning, is a country that will fall into failure” - Jean Firmin Selonkoue, School Director,http://auliachair.tumblr.com/post/108516491727/teachersworldwide-via-unicef-nzangogna
301,"aku tahu kau mengabdi kepada paman dari ibumu. Pengabdian itu bagus, Tapi aku juga tahu bahwa saudaraku, Umar bin Khattab, akan hanya menggunakan kebijaksanaannya untuk tujuan yang baik. jika ia menentukan sesuatu kemudian menemukan alternatif yang lebih baik, Dia tidak ada masalah memilih yang lebih baik. Apa yang kita lihat dari Umar adalah apa yang ia tunjukkan. Dia tidak melakukan suatu untuk menyenangkan orang atau takut terhadap seseorang. Apa yang dia tentukan sesuai dengan agamanya, Tidak peduli siapa yang senang dan yang tidak, walaupun jika itu pamannya, abu hakam bin Hisyam.",http://auliachair.tumblr.com/post/122580395917/aku-tahu-kau-mengabdi-kepada-paman-dari-ibumu
302,“perayaan Hari Buku Nasional kecil-kecilan” bisa kusebut kunjungan ke toko buku kali ini. hmm.. sebenernya sama aja kayak kunjungan ke toko buku di hari biasanya sih. berhubung ada momennya, ya ga ada salahnya kan sekalian di-predikat-kan. he he he.. ketemu buku “itu” pulak, yak tapi apa daya dompet tak sampai. tapi menyenangkan, setidaknya sudah menengok keberadaan seri lain dari buku ini  walau hati meringis ingin membawanya pulang.  #curhat,http://auliachair.tumblr.com/post/119191301932/kyaaaahhh-mungkin-perayaan-hari-buku-nasional
303,“Selamat menjadi laki-laki.” :),http://auliachair.tumblr.com/post/108343820242/menjaga-kehormatan-perempuan
304,“Jika saja kau berpikir dengan pemikiranmu, pastilah akan ada saja kekurangan pada dirinya. Tapi jika saja kau butakan mata dan pikiranmu dan hanya menerima dengan hati yang jernih, pastilah kau akan melihat cahaya di wajahnya yang bersih dan kemilau”—,http://auliachair.tumblr.com/archive/2015/1?before_time=1420333677
305,“Kau tak tahu rahasia hatiku. Kau pasti tak tahu jika Tuhan punya maksud dalam cinta itu. Ah, tapi jangan kau katakan aku ada pamrih. Kau tahu diriku selama ini. Dalam cinta yang tak tergapai, aku menemukan Tuhan hadir menyambangi kesedihanku. Tahukah kau rahasia para pencinta yang senantiasa mengejar cinta? Dalam kepedihan, kau tahu bahwa Tuhan hadir dalam jiwaku, menawarkan wangi mawarnya di sela-sela duri yang menusuk. Kau tahu, dalam perahu yang dipecahkan oleh gelombangnya, Dia mengangkatku di ketinggian dan mendamparkan di pepantai-Nya yang teduh. Kau tahu rahasiaku!”—,http://auliachair.tumblr.com/archive/2015/1?before_time=1420333677
306,“O Controller of the hearts make my heart steadfast in Your religion.”,http://auliachair.tumblr.com/tagged/islam
307,“Staying Productive After Ramadan: Yes You Can!” – http://proms.ly/1HVIcti,http://auliachair.tumblr.com/tagged/islam
308,"aku tahu kau mengabdi kepada paman dari ibumu. Pengabdian itu bagus, Tapi aku juga tahu bahwa saudaraku, Umar bin Khattab, akan hanya menggunakan kebijaksanaannya untuk tujuan yang baik. jika ia menentukan sesuatu kemudian menemukan alternatif yang lebih baik, Dia tidak ada masalah memilih yang lebih baik. Apa yang kita lihat dari Umar adalah apa yang ia tunjukkan. Dia tidak melakukan suatu untuk menyenangkan orang atau takut terhadap seseorang. Apa yang dia tentukan sesuai dengan agamanya, Tidak peduli siapa yang senang dan yang tidak, walaupun jika itu pamannya, abu hakam bin Hisyam.",http://auliachair.tumblr.com/tagged/rasulullah
309,“Eliana” (via historyoftherain ),http://auliachair.tumblr.com/tagged/us/page/3
310,“ga ada apa2nya”, ditambah keadaan sekitar yang tidak berpihak dia.. By wherever,http://auliachair.tumblr.com/post/16404681634/orang-yg-selalu-merasa-penolakan-sepertinya-dia
311,“daratan es dan  salju”. Iklim di daratan kutub selatan sangat dingin, suhu rata-rata  per tahun hanya -25 derajat C, suhu terendah mencapai –90 derajat C,  karena itu juga disebut “ekstrim dingin dunia”.,http://auliachair.tumblr.com/archive/2012/1?before_time=1325598540
312,“engga, cuma kebetulan lewat aja. Lagi pula, mana bisa sih gue ngedapetin beasiswa itu?”,http://auliachair.tumblr.com/post/10689079362/masa-sma-gue-scene-1-wawancara-anak
313,“jangan pesimis gitu dong, lo pasti bisa kok J”,http://auliachair.tumblr.com/post/10689079362/masa-sma-gue-scene-1-wawancara-anak
314,“udah lah, ga usah dengerin dia. Lo kayak ga tau dia aja?”,http://auliachair.tumblr.com/post/10689079362/masa-sma-gue-scene-1-wawancara-anak
315,“weh, ngumpul ga ngajak-ngajak nih.. lagi pada ngapain sih?”,http://auliachair.tumblr.com/post/10689079362/masa-sma-gue-scene-1-wawancara-anak
316,“hah? (bingung) ooh, tenang aja jri.. kita bakal bantuin lo kok J”,http://auliachair.tumblr.com/post/10689079362/masa-sma-gue-scene-1-wawancara-anak
317,“iya, jri. Gimana kalo mulai hari ini, setiap pulang sekolah, kita belajar bareng?”,http://auliachair.tumblr.com/post/10689079362/masa-sma-gue-scene-1-wawancara-anak
318,“jangan nyerah gitu dong, sob! Kita dukung lo kok.”,http://auliachair.tumblr.com/post/10689079362/masa-sma-gue-scene-1-wawancara-anak
319,“nah, bener tuh! Dengerin tuh kata si Nadya.”,http://auliachair.tumblr.com/post/10689079362/masa-sma-gue-scene-1-wawancara-anak
320,“hmm, oke..”,http://auliachair.tumblr.com/post/10689079362/masa-sma-gue-scene-1-wawancara-anak
321,“Jika saja kau berpikir dengan pemikiranmu, pastilah akan ada saja kekurangan pada dirinya. Tapi jika saja kau butakan mata dan pikiranmu dan hanya menerima dengan hati yang jernih, pastilah kau akan melihat cahaya di wajahnya yang bersih dan kemilau”—,http://auliachair.tumblr.com/archive/2014/11?before_time=1415592764
322,“Kau tak tahu rahasia hatiku. Kau pasti tak tahu jika Tuhan punya maksud dalam cinta itu. Ah, tapi jangan kau katakan aku ada pamrih. Kau tahu diriku selama ini. Dalam cinta yang tak tergapai, aku menemukan Tuhan hadir menyambangi kesedihanku. Tahukah kau rahasia para pencinta yang senantiasa mengejar cinta? Dalam kepedihan, kau tahu bahwa Tuhan hadir dalam jiwaku, menawarkan wangi mawarnya di sela-sela duri yang menusuk. Kau tahu, dalam perahu yang dipecahkan oleh gelombangnya, Dia mengangkatku di ketinggian dan mendamparkan di pepantai-Nya yang teduh. Kau tahu rahasiaku!”—,http://auliachair.tumblr.com/archive/2014/11?before_time=1415592764
323,“daratan es dan  salju”. Iklim di daratan kutub selatan sangat dingin, suhu rata-rata  per tahun hanya -25 derajat C, suhu terendah mencapai –90 derajat C,  karena itu juga disebut “ekstrim dingin dunia”.,http://auliachair.tumblr.com/archive/2011/12?before_time=1322815500
324,“waktu SD itu, yunus rangking 1 terus. cita-citanya jadi ilmuwan. senengannya baca buku. apa saja dibaca.”,http://auliachair.tumblr.com/tagged/repost/page/2
325,“jadi astronot ya Bu?”,http://auliachair.tumblr.com/tagged/repost/page/2
326,“terus yunus ditawari PMDK ke UI. yunus pilih fasilkom. beberapa hari kemudian, yunus daftar kedokteran UGM. dia memang ingin jadi dokter. ternyata, dua-duanya keterima.”,http://auliachair.tumblr.com/tagged/repost/page/2
327,“oh ya Bu? saya nggak tau mas yunus pernah keterima kedokteran UGM.”,http://auliachair.tumblr.com/tagged/repost/page/2
328,“iya. tapi yunus pilih UI karena masuknya jalur PMDK. katanya, kalau nggak diambil, kasihan adik-adik kelasnya. bisa jadi sekolahnya di-blacklist untuk PMDK. padahal di UGM bisa lebih murah kuliahnya. jurusannya lebih sesuai dengan cita-citanya. tapi begitu, yunus selalu mikirin orang lain.”,http://auliachair.tumblr.com/tagged/repost/page/2
329,“di fasilkom nilainya bagus-bagus padahal ya Bu? IP-nya hampir selalu 3,9. malah yunus juga belajar di UT (universitas terbuka). sudah lulus itu, yunus itu juga sarjana manajemen mbak,” kata Bapak lagi.,http://auliachair.tumblr.com/tagged/repost/page/2
330,“Ibu nggak marah Bu waktu mas yunus mau pindah kedokteran? kalau saya minta gitu ke ibu saya, pasti saya dimarahin. sudah 2 tahun kuliah…”,http://auliachair.tumblr.com/tagged/repost/page/2
331,“enggak. Ibu percaya sama yunus. dari kecil, pilihan hidup yunus selalu memikirkan orang lain, apalagi orang tuanya. Ibu cuma mikir akan punya uang atau enggak. akhirnya Ibu beri yunus syarat. syaratnya harus kedokteran UI. kalau nggak UI, Ibu nggak ngebolehin.”,http://auliachair.tumblr.com/tagged/repost/page/2
332,“terus diterima. kalau mas yunus nggak di kedokteran, mungkin saya nggak ketemu mas yunus,” kata saya hati-hati. takut salah.,http://auliachair.tumblr.com/tagged/repost/page/2
333,“nggak juga mbak. kalau sudah jodoh, bagaimanapun caranya pasti ketemu kok,” Ibu tertawa dengan senyum yang sama seperti yang mas yunus punya.,http://auliachair.tumblr.com/tagged/repost/page/2
334,“iya juga Bu.”,http://auliachair.tumblr.com/tagged/repost/page/2
335,“iya Bu. walaupun kuliahnya nggak di luar negeri, saya sepakat, lebih baik spesialis langsung. biar susah-susahnya duluan. dan ternyata spesialis di Unair juga langsung s2. alhamdulillah ya Bu.”,http://auliachair.tumblr.com/tagged/repost/page/2
336,“iya. kata yunus pasti nanti ada kesempatan yunus sekolah atau kursus atau yang lain di luar negeri. katanya, mau perginya sama kamu. atau malah, nganterin kamu sekolah.”,http://auliachair.tumblr.com/tagged/repost/page/2
337,“kamu tenang saja. walaupun yunus sekarang sibuk sekali, pasti yunus mikirin kamu. pasti punya rencana-rencana untukmu. dia hanya sering nggak bilang. disimpan sendiri sampai kejadian.”,http://auliachair.tumblr.com/tagged/repost/page/2
338,“hahaha,” Ibu tertawa, “yang pertama, jodoh itu Allah yang menentukan mbak. kalau memang jodohnya yunus kamu, kamu mau gimana? yang kedua, yunus sayang sekali sama kamu. sekarang itu yunus sulit sekali komunikasinya dengan Ibu karena nggak punya waktu. tapi masih bisa komunikasi sama kamu kan?”,http://auliachair.tumblr.com/tagged/repost/page/2
339,“yunus pasti jagain kamu. jagain kamu ada dalam rencana yunus, dan usahanya.”,http://auliachair.tumblr.com/tagged/repost/page/2
340,“mas yunus nggak salah kok milih uti. mas yunus akan selalu bahagia bersama uti. janji.”,http://auliachair.tumblr.com/tagged/repost/page/2
341,“daratan es dan  salju”. Iklim di daratan kutub selatan sangat dingin, suhu rata-rata  per tahun hanya -25 derajat C, suhu terendah mencapai –90 derajat C,  karena itu juga disebut “ekstrim dingin dunia”.,http://auliachair.tumblr.com/archive/2011/9?before_time=1317030300
342,“dan Kami turunkan dari awan air yang banyak tercurah,… ”,http://auliachair.tumblr.com/post/108054535797/berita-besar-an-naba14-dan-kami-turunkan
343,“Jika saja kau berpikir dengan pemikiranmu, pastilah akan ada saja kekurangan pada dirinya. Tapi jika saja kau butakan mata dan pikiranmu dan hanya menerima dengan hati yang jernih, pastilah kau akan melihat cahaya di wajahnya yang bersih dan kemilau”—,http://auliachair.tumblr.com/archive/2014/10?before_time=1412389765
344,“Kau tak tahu rahasia hatiku. Kau pasti tak tahu jika Tuhan punya maksud dalam cinta itu. Ah, tapi jangan kau katakan aku ada pamrih. Kau tahu diriku selama ini. Dalam cinta yang tak tergapai, aku menemukan Tuhan hadir menyambangi kesedihanku. Tahukah kau rahasia para pencinta yang senantiasa mengejar cinta? Dalam kepedihan, kau tahu bahwa Tuhan hadir dalam jiwaku, menawarkan wangi mawarnya di sela-sela duri yang menusuk. Kau tahu, dalam perahu yang dipecahkan oleh gelombangnya, Dia mengangkatku di ketinggian dan mendamparkan di pepantai-Nya yang teduh. Kau tahu rahasiaku!”—,http://auliachair.tumblr.com/archive/2014/10?before_time=1412389765
345,“When the parents are praying [downstairs], we are teaching the girls upstairs,” explains tech entrepreneur Regina Agyare, who comes here every week to teach local teens how to code.Agyare’s first visit to see the girls – students at education project Achievers Ghana – was in January 2014. This was supposed to be a one-off seminar as part of her mentorship initiative “Tech Needs Girls” – however, the students proved quite a draw.,http://auliachair.tumblr.com/post/115929878392/teachersworldwide-in-a-room-above-a-mosque-teen
346,“”Yarkhamukalloh” atau “bless you” setiap kali ada yang bersin karena memang setiap kali kita bersin, jantung kita berhenti satu milisecond.,http://auliachair.tumblr.com/post/8898496808/hal-hal-unik-disekitar-kita
347,“sixth sick sheik’s sixth sheep’s sick” beberapa kali. Nanti kamu akan mahir berbahasa inggris!,http://auliachair.tumblr.com/post/8898496808/hal-hal-unik-disekitar-kita
348,“assassination” dan “bump”.,http://auliachair.tumblr.com/post/8898496808/hal-hal-unik-disekitar-kita
349,“waktu SD itu, yunus rangking 1 terus. cita-citanya jadi ilmuwan. senengannya baca buku. apa saja dibaca.”,http://auliachair.tumblr.com/tagged/reblog/page/2
350,“jadi astronot ya Bu?”,http://auliachair.tumblr.com/tagged/reblog/page/2
351,“terus yunus ditawari PMDK ke UI. yunus pilih fasilkom. beberapa hari kemudian, yunus daftar kedokteran UGM. dia memang ingin jadi dokter. ternyata, dua-duanya keterima.”,http://auliachair.tumblr.com/tagged/reblog/page/2
352,“oh ya Bu? saya nggak tau mas yunus pernah keterima kedokteran UGM.”,http://auliachair.tumblr.com/tagged/reblog/page/2
353,“iya. tapi yunus pilih UI karena masuknya jalur PMDK. katanya, kalau nggak diambil, kasihan adik-adik kelasnya. bisa jadi sekolahnya di-blacklist untuk PMDK. padahal di UGM bisa lebih murah kuliahnya. jurusannya lebih sesuai dengan cita-citanya. tapi begitu, yunus selalu mikirin orang lain.”,http://auliachair.tumblr.com/tagged/reblog/page/2
354,“di fasilkom nilainya bagus-bagus padahal ya Bu? IP-nya hampir selalu 3,9. malah yunus juga belajar di UT (universitas terbuka). sudah lulus itu, yunus itu juga sarjana manajemen mbak,” kata Bapak lagi.,http://auliachair.tumblr.com/tagged/reblog/page/2
355,“Ibu nggak marah Bu waktu mas yunus mau pindah kedokteran? kalau saya minta gitu ke ibu saya, pasti saya dimarahin. sudah 2 tahun kuliah…”,http://auliachair.tumblr.com/tagged/reblog/page/2
356,“enggak. Ibu percaya sama yunus. dari kecil, pilihan hidup yunus selalu memikirkan orang lain, apalagi orang tuanya. Ibu cuma mikir akan punya uang atau enggak. akhirnya Ibu beri yunus syarat. syaratnya harus kedokteran UI. kalau nggak UI, Ibu nggak ngebolehin.”,http://auliachair.tumblr.com/tagged/reblog/page/2
357,“terus diterima. kalau mas yunus nggak di kedokteran, mungkin saya nggak ketemu mas yunus,” kata saya hati-hati. takut salah.,http://auliachair.tumblr.com/tagged/reblog/page/2
358,“nggak juga mbak. kalau sudah jodoh, bagaimanapun caranya pasti ketemu kok,” Ibu tertawa dengan senyum yang sama seperti yang mas yunus punya.,http://auliachair.tumblr.com/tagged/reblog/page/2
359,“iya juga Bu.”,http://auliachair.tumblr.com/tagged/reblog/page/2
360,“iya Bu. walaupun kuliahnya nggak di luar negeri, saya sepakat, lebih baik spesialis langsung. biar susah-susahnya duluan. dan ternyata spesialis di Unair juga langsung s2. alhamdulillah ya Bu.”,http://auliachair.tumblr.com/tagged/reblog/page/2
361,“iya. kata yunus pasti nanti ada kesempatan yunus sekolah atau kursus atau yang lain di luar negeri. katanya, mau perginya sama kamu. atau malah, nganterin kamu sekolah.”,http://auliachair.tumblr.com/tagged/reblog/page/2
362,“kamu tenang saja. walaupun yunus sekarang sibuk sekali, pasti yunus mikirin kamu. pasti punya rencana-rencana untukmu. dia hanya sering nggak bilang. disimpan sendiri sampai kejadian.”,http://auliachair.tumblr.com/tagged/reblog/page/2
363,“hahaha,” Ibu tertawa, “yang pertama, jodoh itu Allah yang menentukan mbak. kalau memang jodohnya yunus kamu, kamu mau gimana? yang kedua, yunus sayang sekali sama kamu. sekarang itu yunus sulit sekali komunikasinya dengan Ibu karena nggak punya waktu. tapi masih bisa komunikasi sama kamu kan?”,http://auliachair.tumblr.com/tagged/reblog/page/2
364,“yunus pasti jagain kamu. jagain kamu ada dalam rencana yunus, dan usahanya.”,http://auliachair.tumblr.com/tagged/reblog/page/2
365,“mas yunus nggak salah kok milih uti. mas yunus akan selalu bahagia bersama uti. janji.”,http://auliachair.tumblr.com/tagged/reblog/page/2
366,“daratan es dan  salju”. Iklim di daratan kutub selatan sangat dingin, suhu rata-rata  per tahun hanya -25 derajat C, suhu terendah mencapai –90 derajat C,  karena itu juga disebut “ekstrim dingin dunia”.,http://auliachair.tumblr.com/post/8898840927/ada-danau-yang-tidak-membeku-di-kutub-selatan
367,“Jika saja kau berpikir dengan pemikiranmu, pastilah akan ada saja kekurangan pada dirinya. Tapi jika saja kau butakan mata dan pikiranmu dan hanya menerima dengan hati yang jernih, pastilah kau akan melihat cahaya di wajahnya yang bersih dan kemilau”—,http://auliachair.tumblr.com/archive/2014/9?before_time=1409588416
368,“Kau tak tahu rahasia hatiku. Kau pasti tak tahu jika Tuhan punya maksud dalam cinta itu. Ah, tapi jangan kau katakan aku ada pamrih. Kau tahu diriku selama ini. Dalam cinta yang tak tergapai, aku menemukan Tuhan hadir menyambangi kesedihanku. Tahukah kau rahasia para pencinta yang senantiasa mengejar cinta? Dalam kepedihan, kau tahu bahwa Tuhan hadir dalam jiwaku, menawarkan wangi mawarnya di sela-sela duri yang menusuk. Kau tahu, dalam perahu yang dipecahkan oleh gelombangnya, Dia mengangkatku di ketinggian dan mendamparkan di pepantai-Nya yang teduh. Kau tahu rahasiaku!”—,http://auliachair.tumblr.com/archive/2014/9?before_time=1409588416
369,“daratan es dan  salju”. Iklim di daratan kutub selatan sangat dingin, suhu rata-rata  per tahun hanya -25 derajat C, suhu terendah mencapai –90 derajat C,  karena itu juga disebut “ekstrim dingin dunia”.,http://auliachair.tumblr.com/archive/2012/2?before_time=1328192100
370,“I have to go.”,http://auliachair.tumblr.com/archive/2012/11?before_time=1352861048
371,“I have to go.”,http://auliachair.tumblr.com/archive/2012/11?before_time=1352861048
372,“Dan janganlah kamu berjalan di muka bumi ini dengan sombong, karena sesungguhnya kamu sekali-kali tidak dapat menembus bumi dan sekali-kali kamu tidak akan sampai setinggi gunung.”,http://auliachair.tumblr.com/post/96778528947/al-isrā37
373,“aku tuh gabisa digini-iiiiin” gitu kira-kira jeritan hatinya XD,http://auliachair.tumblr.com/archive/2015/6?before_time=1433134195
374,“Now all you can do is wait. It must be hard for you, but there is a right time for everything. Like the ebb and flow of tides. No one can do anything to change them. When it is time to wait, you must wait.”—,http://auliachair.tumblr.com/archive/2015/6?before_time=1433134195
375,“Dan (ingatlah) ketika Allah berfirman: "Hai Isa putera Maryam, adakah kamu mengatakan kepada manusia: "Jadikanlah aku dan ibuku dua orang tuhan selain Allah?”. Isa menjawab: “Maha Suci Engkau, tidaklah patut bagiku mengatakan apa yang bukan hakku (mengatakannya). Jika aku pernah mengatakan maka tentulah Engkau mengetahui apa yang ada pada diriku dan aku tidak mengetahui apa yang ada pada diri Engkau. Sesungguhnya Engkau Maha Mengetahui perkara yang ghaib-ghaib”.“,http://auliachair.tumblr.com/post/122760869537/dan-ingatlah-ketika-allah-berfirman-hai-isa
376,“Jika saja kau berpikir dengan pemikiranmu, pastilah akan ada saja kekurangan pada dirinya. Tapi jika saja kau butakan mata dan pikiranmu dan hanya menerima dengan hati yang jernih, pastilah kau akan melihat cahaya di wajahnya yang bersih dan kemilau”—,http://auliachair.tumblr.com/archive/2014/8?before_time=1409264501
377,“Kau tak tahu rahasia hatiku. Kau pasti tak tahu jika Tuhan punya maksud dalam cinta itu. Ah, tapi jangan kau katakan aku ada pamrih. Kau tahu diriku selama ini. Dalam cinta yang tak tergapai, aku menemukan Tuhan hadir menyambangi kesedihanku. Tahukah kau rahasia para pencinta yang senantiasa mengejar cinta? Dalam kepedihan, kau tahu bahwa Tuhan hadir dalam jiwaku, menawarkan wangi mawarnya di sela-sela duri yang menusuk. Kau tahu, dalam perahu yang dipecahkan oleh gelombangnya, Dia mengangkatku di ketinggian dan mendamparkan di pepantai-Nya yang teduh. Kau tahu rahasiaku!”—,http://auliachair.tumblr.com/archive/2014/8?before_time=1409264501
378,“waktu SD itu, yunus rangking 1 terus. cita-citanya jadi ilmuwan. senengannya baca buku. apa saja dibaca.”,http://auliachair.tumblr.com/archive/2016/1?before_time=1451732149
379,“jadi astronot ya Bu?”,http://auliachair.tumblr.com/archive/2016/1?before_time=1451732149
380,“terus yunus ditawari PMDK ke UI. yunus pilih fasilkom. beberapa hari kemudian, yunus daftar kedokteran UGM. dia memang ingin jadi dokter. ternyata, dua-duanya keterima.”,http://auliachair.tumblr.com/archive/2016/1?before_time=1451732149
381,“oh ya Bu? saya nggak tau mas yunus pernah keterima kedokteran UGM.”,http://auliachair.tumblr.com/archive/2016/1?before_time=1451732149
382,“iya. tapi yunus pilih UI karena masuknya jalur PMDK. katanya, kalau nggak diambil, kasihan adik-adik kelasnya. bisa jadi sekolahnya di-blacklist untuk PMDK. padahal di UGM bisa lebih murah kuliahnya. jurusannya lebih sesuai dengan cita-citanya. tapi begitu, yunus selalu mikirin orang lain.”,http://auliachair.tumblr.com/archive/2016/1?before_time=1451732149
383,“di fasilkom nilainya bagus-bagus padahal ya Bu? IP-nya hampir selalu 3,9. malah yunus juga belajar di UT (universitas terbuka). sudah lulus itu, yunus itu juga sarjana manajemen mbak,” kata Bapak lagi.,http://auliachair.tumblr.com/archive/2016/1?before_time=1451732149
384,“Ibu nggak marah Bu waktu mas yunus mau pindah kedokteran? kalau saya minta gitu ke ibu saya, pasti saya dimarahin. sudah 2 tahun kuliah…”,http://auliachair.tumblr.com/archive/2016/1?before_time=1451732149
385,“enggak. Ibu percaya sama yunus. dari kecil, pilihan hidup yunus selalu memikirkan orang lain, apalagi orang tuanya. Ibu cuma mikir akan punya uang atau enggak. akhirnya Ibu beri yunus syarat. syaratnya harus kedokteran UI. kalau nggak UI, Ibu nggak ngebolehin.”,http://auliachair.tumblr.com/archive/2016/1?before_time=1451732149
386,“terus diterima. kalau mas yunus nggak di kedokteran, mungkin saya nggak ketemu mas yunus,” kata saya hati-hati. takut salah.,http://auliachair.tumblr.com/archive/2016/1?before_time=1451732149
387,“nggak juga mbak. kalau sudah jodoh, bagaimanapun caranya pasti ketemu kok,” Ibu tertawa dengan senyum yang sama seperti yang mas yunus punya.,http://auliachair.tumblr.com/archive/2016/1?before_time=1451732149
388,“iya juga Bu.”,http://auliachair.tumblr.com/archive/2016/1?before_time=1451732149
389,“iya Bu. walaupun kuliahnya nggak di luar negeri, saya sepakat, lebih baik spesialis langsung. biar susah-susahnya duluan. dan ternyata spesialis di Unair juga langsung s2. alhamdulillah ya Bu.”,http://auliachair.tumblr.com/archive/2016/1?before_time=1451732149
390,“iya. kata yunus pasti nanti ada kesempatan yunus sekolah atau kursus atau yang lain di luar negeri. katanya, mau perginya sama kamu. atau malah, nganterin kamu sekolah.”,http://auliachair.tumblr.com/archive/2016/1?before_time=1451732149
391,“kamu tenang saja. walaupun yunus sekarang sibuk sekali, pasti yunus mikirin kamu. pasti punya rencana-rencana untukmu. dia hanya sering nggak bilang. disimpan sendiri sampai kejadian.”,http://auliachair.tumblr.com/archive/2016/1?before_time=1451732149
392,“hahaha,” Ibu tertawa, “yang pertama, jodoh itu Allah yang menentukan mbak. kalau memang jodohnya yunus kamu, kamu mau gimana? yang kedua, yunus sayang sekali sama kamu. sekarang itu yunus sulit sekali komunikasinya dengan Ibu karena nggak punya waktu. tapi masih bisa komunikasi sama kamu kan?”,http://auliachair.tumblr.com/archive/2016/1?before_time=1451732149
393,“yunus pasti jagain kamu. jagain kamu ada dalam rencana yunus, dan usahanya.”,http://auliachair.tumblr.com/archive/2016/1?before_time=1451732149
394,“mas yunus nggak salah kok milih uti. mas yunus akan selalu bahagia bersama uti. janji.”,http://auliachair.tumblr.com/archive/2016/1?before_time=1451732149
395,“triangle”, “energy”, or “acid”. Scientists must provide precise definitions for scientific terms. It’s not only their job, it’s their responsibility.,http://auliachair.tumblr.com/tagged/nasa
396,“planetary systems” occurred in the 90s: the discovery of celestial bodies orbiting stars other than the sun, and the discovery of a vast belt of small bodies orbiting the sun beyond Neptune. Both of these developments made it pressing to arrive at a proper definition for the word “planet”. People were making claims of discovering new planets, but were they really planets? The taxonomy as of 2006 was incomplete.,http://auliachair.tumblr.com/tagged/nasa
397,“asapnya ganggu banget, bisa matiin nggak?”,http://auliachair.tumblr.com/post/130886471637/pasif-agresif
398,“daratan es dan  salju”. Iklim di daratan kutub selatan sangat dingin, suhu rata-rata  per tahun hanya -25 derajat C, suhu terendah mencapai –90 derajat C,  karena itu juga disebut “ekstrim dingin dunia”.,http://auliachair.tumblr.com/archive/2011/11?before_time=1320720027
399,“Jika saja kau berpikir dengan pemikiranmu, pastilah akan ada saja kekurangan pada dirinya. Tapi jika saja kau butakan mata dan pikiranmu dan hanya menerima dengan hati yang jernih, pastilah kau akan melihat cahaya di wajahnya yang bersih dan kemilau”—,http://auliachair.tumblr.com/archive/2013/2?before_time=1361020002
400,“Kau tak tahu rahasia hatiku. Kau pasti tak tahu jika Tuhan punya maksud dalam cinta itu. Ah, tapi jangan kau katakan aku ada pamrih. Kau tahu diriku selama ini. Dalam cinta yang tak tergapai, aku menemukan Tuhan hadir menyambangi kesedihanku. Tahukah kau rahasia para pencinta yang senantiasa mengejar cinta? Dalam kepedihan, kau tahu bahwa Tuhan hadir dalam jiwaku, menawarkan wangi mawarnya di sela-sela duri yang menusuk. Kau tahu, dalam perahu yang dipecahkan oleh gelombangnya, Dia mengangkatku di ketinggian dan mendamparkan di pepantai-Nya yang teduh. Kau tahu rahasiaku!”—,http://auliachair.tumblr.com/archive/2013/2?before_time=1361020002
401,“(Ingatlah), ketika Allah mengatakan: "Hai Isa putra Maryam, ingatlah nikmat-Ku kepadamu dan kepada ibumu di waktu Aku menguatkan kamu dengan ruhul qudus. Kamu dapat berbicara dengan manusia di waktu masih dalam buaian dan sesudah dewasa; dan (ingatlah) di waktu Aku mengajar kamu menulis, hikmah, Taurat dan Injil, dan (ingatlah pula) diwaktu kamu membentuk dari tanah (suatu bentuk) yang berupa burung dengan ijin-Ku, kemudian kamu meniup kepadanya, lalu bentuk itu menjadi burung (yang sebenarnya) dengan seizin-Ku. Dan (ingatlah) di waktu kamu menyembuhkan orang yang buta sejak dalam kandungan ibu dan orang yang berpenyakit sopak dengan seizin-Ku, dan (ingatlah) di waktu kamu mengeluarkan orang mati dari kubur (menjadi hidup) dengan seizin-Ku, dan (ingatlah) di waktu Aku menghalangi Bani Israil (dari keinginan mereka membunuh kamu) di kala kamu mengemukakan kepada mereka keterangan-keterangan yang nyata, lalu orang-orang kafir diantara mereka berkata: "Ini tidak lain melainkan sihir yang nyata”.“,http://auliachair.tumblr.com/post/122704464682/qs-al-māidah-jamuan-110
402,"Demi Allah, kau adalah yang terbaik dari dua laki-laki. Aku yakin, doa nabi akan terkabul dengan memilihmu.") Bawa aku menemui Rasulullah dan para sahabatnya!,http://auliachair.tumblr.com/archive?before_time=1437007288
403,“…pastikan bahwa laki-laki yang nantinya mengajakmu hidup bersama adalah laki-laki yang bisa diajak berdiskusi, bukan menang sendiri…”,http://auliachair.tumblr.com/post/115646515917/cerpen-anak-perempuan-ibu
404,“Yang mengetahui yang ghaib dan yang nyata. Yang Maha Perkasa lagi Maha Bijaksana.”,http://auliachair.tumblr.com/post/120535362207/thought-via-path
405,“aku tuh gabisa digini-iiiiin” gitu kira-kira jeritan hatinya XD,http://auliachair.tumblr.com/post/119002760882/1-pernah-nggak-ketemu-sama-orang-yang-sukanya
406,“terimalah cinta orang lain, dan jangan cari cinta. Wanita lebih aman dan bisa bertahan dengan dicintai, bukan mencintai. Itulah kodrat wanita.”,http://auliachair.tumblr.com/post/41266185057/kata-ibu-maryamah
